"appId","criteriaJson","date","replyDate","replyText","reviewId","score","scoreText","scrapedAt","text","thumbsUp","title","url","userImage","userName","version"
"com.fsn.nykaa",,"2026-08-20T07:58:33.500Z","2026-08-20T08:04:45.832Z","Hi Rakshini sruthi, we request you to please email us at support@nykaa.com with your concerns so that we can have them addressed for you.","d13e44b1-e633-4a33-84ca-1c84cb25f758","1","1","2026-08-21T08:12:52.243Z","late delivery and help center is waste of time.they are not sorting out the problems.","0",,"https://play.google.com/store/apps/details?id=com.fsn.nykaa&reviewId=d13e44b1-e633-4a33-84ca-1c84cb25f758","https://play-lh.googleusercontent.com/a/ACg8ocIX9OrvwaTiQ0oC3MFAr8ACEuakjwRC2ZOpbgLhlqtUAe1V3Q=mo","Rakshini sruthi","4.0.0"
"com.fsn.nykaa","[{""criteria"":""vaf_phase1_barcode_scanner"",""rating"":3},{""criteria"":""vaf_phase1_sales_alerts"",""rating"":1},{""criteria"":""vaf_never_display_inappropriate_ads"",""rating"":3}]","2026-08-20T07:39:20.402Z","2026-08-20T07:44:33.633Z","Hi, we would not want any of our customers to feel this way. We'd like to know what went wrong and help you with it. Can you please mail us  at support@nykaa.com so that we can have this addressed for you.

","785b71ea-ba40-429a-adc1-9f55f2f6b1aa","1","1","2026-08-21T08:12:52.243Z","Very poor experience. They promise delivery within 60 minutes, but the order gets cancelled every time.","1",,"https://play.google.com/store/apps/details?id=com.fsn.nykaa&reviewId=785b71ea-ba40-429a-adc1-9f55f2f6b1aa","https://play-lh.googleusercontent.com/a-/ALV-UjWyej_ItXDiH6VIrU-SyuTo5eqLoxhqXef6y3FuDbz6FesTCw7-IA","Sucharita Chatterjee","4.0.4"
"com.fsn.nykaa","[{""criteria"":""vaf_phase1_loyalty_program"",""rating"":2}]","2026-08-20T07:33:17.952Z","2026-08-20T07:40:13.860Z","Hi, we regret to hear this. We'd like to investigate this further. Kindly write to us via email at support@nykaa.com, so that we can have this addressed for you.","3611da4b-ede1-47cd-ae91-63205ae75d88","1","1","2026-08-21T08:12:52.243Z","very bad service they take their payments and send empty boxes of products and after complaint they don't solve the problem and not giving my money back","0",,"https://play.google.com/store/apps/details?id=com.fsn.nykaa&reviewId=3611da4b-ede1-47cd-ae91-63205ae75d88","https://play-lh.googleusercontent.com/a/ACg8ocK7yt0UPd3LRs0AB3CzzXzLkU2IV13PfoFbovNJd71a277Jrg=mo","Shruti Verma","4.0.4"
"com.fsn.nykaa",,"2026-08-20T07:22:09.680Z","2026-08-20T07:28:11.455Z","Hi Chanda kumari, we are grateful for your feedback and will continue to strive to provide our customers with the highest quality of service and products. Keep exploring!","7b10be5b-4549-4ef7-a6ad-f49d8b1af9bb","5","5","2026-08-21T08:12:52.243Z","nice","0",,"https://play.google.com/store/apps/details?id=com.fsn.nykaa&reviewId=7b10be5b-4549-4ef7-a6ad-f49d8b1af9bb","https://play-lh.googleusercontent.com/a-/ALV-UjXqADdzBw8QEa2ZQ5IUYiZr4fTbKW2eryrwnQ01Chy3tKOaT1k","Chanda kumari","4.0.4"
"com.fsn.nykaa",,"2026-08-20T07:16:14.958Z","2026-08-20T07:22:02.976Z","Hey, Thank you for letting us know what you think! We'll always be here to make sure we keep you happy with our products and services. Keep exploring!!","d68d776a-5825-49bf-8064-1445ad5aa5a9","5","5","2026-08-21T08:12:52.244Z","fabulous 🤩","0",,"https://play.google.com/store/apps/details?id=com.fsn.nykaa&reviewId=d68d776a-5825-49bf-8064-1445ad5aa5a9","https://play-lh.googleusercontent.com/a/ACg8ocJqHk-XlHMgFpKiaK9sUcXHSCQq2MM4Vom0O4xXT0eSkd8Liqqm=mo","Aditya mavi","4.0.4"
"com.fsn.nykaa",,"2026-08-20T07:05:03.641Z","2026-08-20T07:22:02.926Z","Hey, Thank you for letting us know what you think! We'll always be here to make sure we keep you happy with our products and services. Keep exploring!!","ada5d637-91af-46cb-b475-2ed89b88e74a","4","4","2026-08-21T08:12:52.244Z","easy to order","0",,"https://play.google.com/store/apps/details?id=com.fsn.nykaa&reviewId=ada5d637-91af-46cb-b475-2ed89b88e74a","https://play-lh.googleusercontent.com/a-/ALV-UjVBW6MNkNqYULn6OKeLq3VGhJvERNEF0c5MxwWIL9paU_oV7G1LeA","rahyl agarwal","4.0.4"
"com.fsn.nykaa",,"2026-08-20T06:57:21.119Z","2026-08-20T07:04:11.337Z","Hi, thank you for the amazing feedback!","4d07edfb-b012-43c3-91cd-39b56bf0b641","5","5","2026-08-21T08:12:52.244Z","good","0",,"https://play.google.com/store/apps/details?id=com.fsn.nykaa&reviewId=4d07edfb-b012-43c3-91cd-39b56bf0b641","https://play-lh.googleusercontent.com/a/ACg8ocK0emT1ryLFXoMW0TxEkbNUojgIe9o_QovvlD2Qs5OOERqU6Q=mo","Abhishek Bhandari","4.0.3"
"com.fsn.nykaa","[{""criteria"":""vaf_app_quality_performance"",""rating"":2},{""criteria"":""vaf_app_quality_ads_frequency"",""rating"":1},{""criteria"":""vaf_phase1_loyalty_program"",""rating"":2}]","2026-08-20T06:50:41.360Z","2026-08-20T06:56:33.665Z","Hi, we regret to hear this. We'd like to investigate this further. Kindly write to us via email at support@nykaa.com, so that we can have this addressed for you.","2d7ff2b2-a373-4fa8-bdca-83f0e2ac1488","1","1","2026-08-21T08:12:52.244Z","THIS is a worst app. It is a Fraud App I paid for advance but they delayed & delayed my order. Customer service also very very bad. I never use this app Again. Their all good reviews are absolutly paid. I request to refund my money, but still they delayed and not refund my money.","1",,"https://play.google.com/store/apps/details?id=com.fsn.nykaa&reviewId=2d7ff2b2-a373-4fa8-bdca-83f0e2ac1488","https://play-lh.googleusercontent.com/a-/ALV-UjX04yEGZlg1pgZanx9QVegD7ufKG061K7WPlPogXnGn-2iNxbVc","Mousumi Karmakar","4.0.4"
"com.fsn.nykaa",,"2026-08-20T06:46:16.569Z","2026-08-20T06:51:57.850Z","Hi Sinisiraj Sinisiraj17, we are grateful for your feedback and will continue to strive to provide our customers with the highest quality of service and products. Keep exploring!","a34556fe-0077-4674-bd88-c9c5c36890fc","4","4","2026-08-21T08:12:52.244Z","best shopping","0",,"https://play.google.com/store/apps/details?id=com.fsn.nykaa&reviewId=a34556fe-0077-4674-bd88-c9c5c36890fc","https://play-lh.googleusercontent.com/a/ACg8ocKH8oOByaCpfAJuqj2CZnP5MWXrkwhJ6nMYSbXdkN1jGaud6g=mo","Sinisiraj Sinisiraj17","4.0.4"
"com.fsn.nykaa",,"2026-08-20T06:33:46.328Z","2026-08-20T06:39:53.963Z","Hey NEHASAWAN DESWAL, thank you for taking the time to rate us!","a8d663d3-1303-4c4b-8ac1-b79b91bd791b","5","5","2026-08-21T08:12:52.244Z","best","0",,"https://play.google.com/store/apps/details?id=com.fsn.nykaa&reviewId=a8d663d3-1303-4c4b-8ac1-b79b91bd791b","https://play-lh.googleusercontent.com/a-/ALV-UjWUd8ELP7MbWbEsYFQ_MZnW8xIstHmZiXjOB0cyA1Eqtaq6XkQ","NEHASAWAN DESWAL","4.0.4"
"com.fsn.nykaa",,"2026-08-20T06:24:40.141Z","2026-08-20T06:30:45.933Z","Hey Lokeswar Seth, thank you for taking the time to rate us!","495a1d62-9ce2-483c-9cb3-0578aaee7326","5","5","2026-08-21T08:12:52.244Z","good","0",,"https://play.google.com/store/apps/details?id=com.fsn.nykaa&reviewId=495a1d62-9ce2-483c-9cb3-0578aaee7326","https://play-lh.googleusercontent.com/a-/ALV-UjWHNa0Q5w9TlndioSI7PdepfCeti-nL6zS2BPcICmd3OC7h7sKX","Lokeswar Seth",
"com.fsn.nykaa",,"2026-08-20T06:13:38.775Z","2026-08-20T06:23:14.642Z","Hi, we would not want any of our customers to feel this way. We'd like to know what went wrong and help you with it. Can you please mail us  at support@nykaa.com so that we can have this addressed for you.

","665aade5-fad2-432c-a51c-98924b0d5806","1","1","2026-08-21T08:12:52.244Z","this app is only looting way without any discounts in fact show any product price higher than that real price and then discount on this less which are not mentioned on that products. I just received my ponds gel cream and on the app that price is 395 after discount I received in 387rs and the real price on the product is 349rs and mentioned on the app easy return policy still not return my product. very very shameful app... I will never ever again use this app..","0",,"https://play.google.com/store/apps/details?id=com.fsn.nykaa&reviewId=665aade5-fad2-432c-a51c-98924b0d5806","https://play-lh.googleusercontent.com/a/ACg8ocIurg1DsHutVb2Ro5wpUcJ8wjCvferm0G3lFFMPehen5ZhLQA=mo","deepika sharma","4.0.1"
"com.fsn.nykaa",,"2026-08-20T06:08:25.183Z","2026-08-20T06:23:41.808Z","Hi, we would not want any of our customers to feel this way. We'd like to know what went wrong and help you with it. Can you please mail us  at support@nykaa.com so that we can have this addressed for you.

","7ee5d67b-1662-4fb5-9219-632310a8987a","1","1","2026-08-21T08:12:52.244Z","always gives wrong updates of your order","0",,"https://play.google.com/store/apps/details?id=com.fsn.nykaa&reviewId=7ee5d67b-1662-4fb5-9219-632310a8987a","https://play-lh.googleusercontent.com/a/ACg8ocI9nWjzFEBgTHmpVI0oRSA_JCpE9BAsCY2gB3kyDPFv9gtfYM3J=mo","Rutuja Dalvi","4.0.4"
"com.fsn.nykaa",,"2026-08-20T05:59:16.448Z","2026-08-20T06:24:20.387Z","Hey, thank you for taking the time to share your feedback. Happy shopping!!

","00fb1d45-3b28-4162-86f1-47263d5fdb72","4","4","2026-08-21T08:12:52.244Z","The most reliable and useful app... I recommend everyone use it.","0",,"https://play.google.com/store/apps/details?id=com.fsn.nykaa&reviewId=00fb1d45-3b28-4162-86f1-47263d5fdb72","https://play-lh.googleusercontent.com/a/ACg8ocIfgAfMMs4y-5hSq6fFn6HVr-o_asHumH9SFHZg4btgBy3skw=mo","Bidisha Mondal","4.0.4"
"com.fsn.nykaa",,"2026-08-20T05:58:18.900Z","2026-08-20T06:05:10.180Z","Hi Radha Kumari, we are grateful for your feedback and will continue to strive to provide our customers with the highest quality of service and products. Keep exploring!","7e8437fd-e6a5-4b7c-8631-496856a1bc6d","5","5","2026-08-21T08:12:52.244Z","very good 👍","0",,"https://play.google.com/store/apps/details?id=com.fsn.nykaa&reviewId=7e8437fd-e6a5-4b7c-8631-496856a1bc6d","https://play-lh.googleusercontent.com/a/ACg8ocJ7hrX4OyCY8GSDHIB0XtMo9K_ACtJhXbxQ7_VmIf-6a9lfrA=mo","Radha Kumari","4.0.4"
"com.fsn.nykaa",,"2026-08-20T05:54:15.300Z","2026-08-20T05:59:06.720Z","Hey Shoyab Qureshi, your feedback means a lot to us. We're committed to continuously bringing you products and services that will keep you thrilled. Keep exploring and happy shopping!","03e4ae06-f9a7-43bf-a321-b5a8a6837495","5","5","2026-08-21T08:12:52.244Z","good 👍","0",,"https://play.google.com/store/apps/details?id=com.fsn.nykaa&reviewId=03e4ae06-f9a7-43bf-a321-b5a8a6837495","https://play-lh.googleusercontent.com/a-/ALV-UjVMi_dveITQAM-DKPrrbpe-79pnJN3-yC-wuOYISY_rVIEc_pAI","Shoyab Qureshi","4.0.4"
"com.fsn.nykaa","[{""criteria"":""vaf_app_quality_ads_intrusiveness"",""rating"":2},{""criteria"":""vaf_phase1_loyalty_program"",""rating"":2},{""criteria"":""vaf_app_quality_visual_appeal"",""rating"":2}]","2026-08-20T05:44:07.430Z","2026-08-20T05:51:01.123Z","Hi, we would not want any of our customers to feel this way. We'd like to know what went wrong and help you with it. Can you please mail us  at support@nykaa.com so that we can have this addressed for you.

","11dd4d5e-603c-46fc-bc08-de09f8a0adc7","1","1","2026-08-21T08:12:52.244Z","bhut hi bekar hai product return nahi karta or sahi saman bhi nhi bheja 1 item short nikla h","0",,"https://play.google.com/store/apps/details?id=com.fsn.nykaa&reviewId=11dd4d5e-603c-46fc-bc08-de09f8a0adc7","https://play-lh.googleusercontent.com/a/ACg8ocLm20FOeqIHWknQLt9Rc-Hme0DoEE_Da0oILzjYCdPO7KQ5Sw=mo","Aman Singh","4.0.4"
"com.fsn.nykaa",,"2026-08-20T05:29:54.120Z","2026-08-20T05:51:22.674Z","Hey, thank you for taking the time to share your feedback. Happy shopping!!

","e38f1d8b-35cd-4c41-89c7-a2f978c080a3","3","3","2026-08-21T08:12:52.244Z","good","0",,"https://play.google.com/store/apps/details?id=com.fsn.nykaa&reviewId=e38f1d8b-35cd-4c41-89c7-a2f978c080a3","https://play-lh.googleusercontent.com/a/ACg8ocJ5bscIVydWiCpo-YnhoHunSBtuwPLbr6ulcM6tCLCxUfj-QSTh=mo","sarswati hessa","4.0.4"
"com.fsn.nykaa",,"2026-08-20T05:29:13.272Z","2026-08-20T05:34:23.536Z","Hey Kishan, thank you for taking the time to rate us!","3875b541-63b0-4950-a2c3-0a01884fce16","5","5","2026-08-21T08:12:52.244Z","nice","0",,"https://play.google.com/store/apps/details?id=com.fsn.nykaa&reviewId=3875b541-63b0-4950-a2c3-0a01884fce16","https://play-lh.googleusercontent.com/a-/ALV-UjW1bAhDGOjI825zEiO3dqKA0NTFnUGhQqdsVx6-QUjsXa1kCNyt","Kishan","4.0.4"
"com.fsn.nykaa",,"2026-08-20T05:22:53.509Z","2026-08-20T05:51:49.583Z","Hey, thank you for taking the time to share your feedback. Happy shopping!!

","c82875d9-62ba-4d1a-bb18-8c49abd67ef0","5","5","2026-08-21T08:12:52.244Z","good🦸","0",,"https://play.google.com/store/apps/details?id=com.fsn.nykaa&reviewId=c82875d9-62ba-4d1a-bb18-8c49abd67ef0","https://play-lh.googleusercontent.com/a-/ALV-UjVvegUGqwgaIMx_x0mhM_eb1cNUtydXlNotT-cPyKgyWfa7isM","Phurten Tamang","4.0.3"
"com.fsn.nykaa",,"2026-08-20T04:33:55.217Z","2026-08-20T04:48:29.342Z","Hi, thank you for the rating!","bfd3346c-5ba6-4f31-a2aa-e242024e3f57","5","5","2026-08-21T08:12:52.244Z","🌟🌟🌟🌟🌟","0",,"https://play.google.com/store/apps/details?id=com.fsn.nykaa&reviewId=bfd3346c-5ba6-4f31-a2aa-e242024e3f57","https://play-lh.googleusercontent.com/a-/ALV-UjXfTTubXoZmItkmK7hyHJtIN78OK6YyDl0Lf9L6C2-WLBvhJMij","PREM SAGAR KUMAR","4.0.4"
"com.fsn.nykaa",,"2026-08-20T04:27:32.178Z","2026-08-20T04:33:55.592Z","Hi Aruna Kumar Mishra, we are grateful for your feedback and will continue to strive to provide our customers with the highest quality of service and products. Keep exploring!","7f5ced14-455b-47fb-8b02-ab2d7d507ac9","5","5","2026-08-21T08:12:52.244Z","best app forever","0",,"https://play.google.com/store/apps/details?id=com.fsn.nykaa&reviewId=7f5ced14-455b-47fb-8b02-ab2d7d507ac9","https://play-lh.googleusercontent.com/a/ACg8ocL9n-xu2oeDhzwyRAkSaisLvXPXzkIwQRUC_aLGH0Tbix1DHg=mo","Aruna Kumar Mishra","4.0.4"
"com.fsn.nykaa",,"2026-08-20T04:18:11.284Z","2026-08-20T04:24:51.206Z","Hi Sukhi Khattra, we are grateful for your feedback and will continue to strive to provide our customers with the highest quality of service and products. Keep exploring!","0c239582-534e-45d4-8c10-b5fe09a34bef","5","5","2026-08-21T08:12:52.244Z","good","0",,"https://play.google.com/store/apps/details?id=com.fsn.nykaa&reviewId=0c239582-534e-45d4-8c10-b5fe09a34bef","https://play-lh.googleusercontent.com/a-/ALV-UjXr2ssVxL-g_u0MgBzY3AL6uj8_F1EeX57FRnTmRTXCkb2TgmpH","Sukhi Khattra","4.0.4"
"com.fsn.nykaa",,"2026-08-20T04:10:53.749Z","2026-08-20T04:47:07.327Z","Hi, thank you for the rating!","d1650c7c-71af-42ad-9a8b-9be9515a6040","5","5","2026-08-21T08:12:52.244Z","👌","0",,"https://play.google.com/store/apps/details?id=com.fsn.nykaa&reviewId=d1650c7c-71af-42ad-9a8b-9be9515a6040","https://play-lh.googleusercontent.com/a/ACg8ocLdcc_d6tVhnO1UAj2fAwk1dbG2BiPfsLduakI6s2h3oUueFw=mo","Vijay Rawal","4.0.4"
"com.fsn.nykaa",,"2026-08-20T04:06:57.550Z","2026-08-20T04:08:42.347Z","Hey, thank you for taking the time to share your feedback. Happy Shopping!","eca4f17b-e22f-4a1a-b091-7ad39d4a8a2f","5","5","2026-08-21T08:12:52.244Z","nice","0",,"https://play.google.com/store/apps/details?id=com.fsn.nykaa&reviewId=eca4f17b-e22f-4a1a-b091-7ad39d4a8a2f","https://play-lh.googleusercontent.com/a/ACg8ocL-IK0WOVr9uGYvNe70YRlKWhtSTEEbqAaMUbhQHEkRMy_9bA=mo","Suchitra Maji","4.0.4"
"com.fsn.nykaa",,"2026-08-20T03:50:41.184Z","2026-08-20T04:04:30.597Z","Hey, thank you for taking the time to share your feedback. Happy shopping!!

","7700ca87-9e18-4c14-ba61-800d7b92ccb6","5","5","2026-08-21T08:12:52.244Z","thank you nayaka","0",,"https://play.google.com/store/apps/details?id=com.fsn.nykaa&reviewId=7700ca87-9e18-4c14-ba61-800d7b92ccb6","https://play-lh.googleusercontent.com/a-/ALV-UjWoM7k5wLgx6pYWPMI8jFbWwkZD0WXSQxpB8MmCe_z6j-mxB3HgYQ","KRISHNA AHIR","4.0.4"
"com.fsn.nykaa",,"2026-08-20T03:46:13.610Z","2026-08-20T03:51:41.987Z","Hey Nishtha Patel, your feedback means a lot to us. We're committed to continuously bringing you products and services that will keep you thrilled. Keep exploring and happy shopping!","b2a46286-b4c8-4bc0-8c2a-4441d400178e","4","4","2026-08-21T08:12:52.244Z","good","0",,"https://play.google.com/store/apps/details?id=com.fsn.nykaa&reviewId=b2a46286-b4c8-4bc0-8c2a-4441d400178e","https://play-lh.googleusercontent.com/a/ACg8ocL4-oopBD_XDPrs4SquiX2P51cDb_WUMs7mCkfKRqj6mXPzLA=mo","Nishtha Patel","4.0.4"
"com.fsn.nykaa",,"2026-08-20T03:40:23.229Z","2026-08-20T03:45:28.665Z","Hi Rabia Aziz! We are sorry to hear about this. Please highlight this concern to us at support@nykaa.com, so the team can assist you with this.","6d072bad-d375-4826-bb63-e982e87baea5","1","1","2026-08-21T08:12:52.244Z","worst app ever. canceled my order just two days before my wedding without any reasons traumatising customers.and not helping out .worst worst ever app.not using it ever again","0",,"https://play.google.com/store/apps/details?id=com.fsn.nykaa&reviewId=6d072bad-d375-4826-bb63-e982e87baea5","https://play-lh.googleusercontent.com/a-/ALV-UjXMYPYBuIDWirHke604eEXVmSvcEh_qte1ulQ8ZnOti2UaAajWz","Rabia Aziz","4.0.4"
"com.fsn.nykaa",,"2026-08-20T03:36:21.511Z","2026-08-20T03:42:25.505Z","Hey Rehmat Vij, we regret to hear this, we'd like to know what went wrong and help you with it. We request you to email us at support@nykaa.com with your order details so that we can have this addressed for you.","e10e13d9-67e9-4e04-b292-c0014ab1dc13","1","1","2026-08-21T08:12:52.244Z","nyka is the worst brand I've used till today.. they will not return or exchange ur product..do not provide any solution..and waste your time until you get tired and stop complaining... highly disappointed..not going to use it in future ever..worst app","0",,"https://play.google.com/store/apps/details?id=com.fsn.nykaa&reviewId=e10e13d9-67e9-4e04-b292-c0014ab1dc13","https://play-lh.googleusercontent.com/a/ACg8ocITZUVztv3_HPvcGbeez6r6uScq34gdtjHGRNTxo-m8cz9mFg=mo","Rehmat Vij","4.0.4"
"com.fsn.nykaa",,"2026-08-20T03:12:31.260Z","2026-08-20T03:18:32.979Z","Hey Chandrika Madan, thank you for taking the time to rate us!","7162d08d-0f50-46f1-8330-c09bf18b3e5c","5","5","2026-08-21T08:12:52.244Z","excellent choice for best price 👌 👍","0",,"https://play.google.com/store/apps/details?id=com.fsn.nykaa&reviewId=7162d08d-0f50-46f1-8330-c09bf18b3e5c","https://play-lh.googleusercontent.com/a/ACg8ocI0AGkfKP_z-Dbqk9kl3V-dmsmrjP8M12KFQjKs7mxQdTTDGQ=mo","Chandrika Madan","4.0.4"
"com.fsn.nykaa",,"2026-08-20T02:53:16.595Z","2026-08-20T03:00:27.136Z","Hey anu Chauhan, thank you for taking the time to rate us!","21aaf138-9b77-4036-aa94-8d2b3a391a49","5","5","2026-08-21T08:12:52.244Z","great","0",,"https://play.google.com/store/apps/details?id=com.fsn.nykaa&reviewId=21aaf138-9b77-4036-aa94-8d2b3a391a49","https://play-lh.googleusercontent.com/a/ACg8ocJG_qx6TZjTeqLn71x6_X7Hfqh8w1PaJd-Q96JFS-7T-bKSRO2Y=mo","anu Chauhan","4.0.3"
"com.fsn.nykaa",,"2026-08-20T02:46:36.765Z","2026-08-20T04:04:47.815Z","Hey, thank you for taking the time to share your feedback. Happy shopping!!

","eed9b1e5-7a68-4460-aa53-1b6d40dde3e5","5","5","2026-08-21T08:12:52.244Z","valo","0",,"https://play.google.com/store/apps/details?id=com.fsn.nykaa&reviewId=eed9b1e5-7a68-4460-aa53-1b6d40dde3e5","https://play-lh.googleusercontent.com/a/ACg8ocJlg3bNrFd-wZ9t_9kVYk6UAKHpSl_zM9BVAsmtHNLLJlWOsg=mo","Mampi Adak","4.0.4"
"com.fsn.nykaa",,"2026-08-20T02:20:08.777Z","2026-08-20T02:27:17.950Z","Hi Divya Thakor, we are grateful for your feedback and will continue to strive to provide our customers with the highest quality of service and products. Keep exploring!","926a8e86-8122-4657-919f-0d07e81003ba","5","5","2026-08-21T08:12:52.244Z","give the best product.","0",,"https://play.google.com/store/apps/details?id=com.fsn.nykaa&reviewId=926a8e86-8122-4657-919f-0d07e81003ba","https://play-lh.googleusercontent.com/a/ACg8ocIf0-4ICYZSj6DX2SJFffTYI1h7VSzwlgPg0Uaw3QkwePCcRw=mo","Divya Thakor","4.0.4"
"com.fsn.nykaa",,"2026-08-20T01:52:25.833Z","2026-08-20T01:57:03.944Z","Hey Queen gogoi, thank you for taking the time to rate us!","11a206a4-fce0-4429-9a5d-bcbad43b8287","5","5","2026-08-21T08:12:52.244Z","good 👍","0",,"https://play.google.com/store/apps/details?id=com.fsn.nykaa&reviewId=11a206a4-fce0-4429-9a5d-bcbad43b8287","https://play-lh.googleusercontent.com/a-/ALV-UjXYPZpYlNSTyR4HQ5HnnchfrDHU5TSRZmp9PVE3LwM2Z0x_x58","Queen gogoi","4.0.4"
"com.fsn.nykaa",,"2026-08-20T01:46:55.638Z","2026-08-20T04:05:03.774Z","Hey, thank you for taking the time to share your feedback. Happy shopping!!

","a6c5c069-b8f4-4132-820b-e0afac1a3f96","5","5","2026-08-21T08:12:52.244Z","very super","1",,"https://play.google.com/store/apps/details?id=com.fsn.nykaa&reviewId=a6c5c069-b8f4-4132-820b-e0afac1a3f96","https://play-lh.googleusercontent.com/a/ACg8ocIquDzShGPRaHQWUujuMW_TLPc8HgmTgynRx_G_AqqGNtkMfA=mo","Banu Mathi G","4.0.4"
"com.fsn.nykaa","[{""criteria"":""vaf_phase1_loyalty_program"",""rating"":2},{""criteria"":""vaf_app_quality_visual_appeal"",""rating"":2},{""criteria"":""vaf_app_quality_ads_intrusiveness"",""rating"":2}]","2026-08-20T01:46:30.902Z","2026-08-20T01:53:58.959Z","Hey Beena Barthwal, we regret to hear this, we'd like to know what went wrong and help you with it. We request you to email us at support@nykaa.com with your order details so that we can have this addressed for you.","e63d5f14-c330-4fce-8af9-fca11fcf34bf","1","1","2026-08-21T08:12:52.244Z","they don't return your order don't by product from here they give you bad product and at the last they will say this is uss product aur they don't give your money back","0",,"https://play.google.com/store/apps/details?id=com.fsn.nykaa&reviewId=e63d5f14-c330-4fce-8af9-fca11fcf34bf","https://play-lh.googleusercontent.com/a/ACg8ocI8ffDUxHZfVjDXGj2Oid8P7mIGnxFwOWiVJPs7TnXdVZQu_g=mo","Beena Barthwal","4.0.4"
"com.fsn.nykaa",,"2026-08-20T01:46:17.299Z","2026-08-20T01:54:01.892Z","Hey Asma C. R, your feedback means a lot to us. We're committed to continuously bringing you products and services that will keep you thrilled. Keep exploring and happy shopping!","b9b43409-69a6-4fee-9519-052ea344e9f0","4","4","2026-08-21T08:12:52.244Z","good priduct","0",,"https://play.google.com/store/apps/details?id=com.fsn.nykaa&reviewId=b9b43409-69a6-4fee-9519-052ea344e9f0","https://play-lh.googleusercontent.com/a/ACg8ocK9JKhmBLAxJSPSd042oOqJvyEoQcFZhehpOIrg2H3E56pFaQ=mo","Asma C. R","4.0.3"
"com.fsn.nykaa",,"2026-08-20T01:21:33.993Z","2026-08-20T04:05:18.786Z","Hey, thank you for taking the time to share your feedback. Happy shopping!!

","526a5d30-6871-413b-afb3-7ca8e1f7e24f","4","4","2026-08-21T08:12:52.244Z","okay 👌👌","0",,"https://play.google.com/store/apps/details?id=com.fsn.nykaa&reviewId=526a5d30-6871-413b-afb3-7ca8e1f7e24f","https://play-lh.googleusercontent.com/a/ACg8ocJg-Z_a1qo5S-m5SBBbn8dDGEjmgI_DnZq9p-r-RXOVWkDPbw=mo","Afjal Hossain","4.0.4"
"com.fsn.nykaa",,"2026-08-20T01:17:47.456Z","2026-08-20T04:05:31.731Z","Hey, thank you for taking the time to share your feedback. Happy shopping!!

","9f34f784-d13a-4a54-9940-247f4c39fe53","5","5","2026-08-21T08:12:52.244Z","wowwwww❤️","0",,"https://play.google.com/store/apps/details?id=com.fsn.nykaa&reviewId=9f34f784-d13a-4a54-9940-247f4c39fe53","https://play-lh.googleusercontent.com/a/ACg8ocJHLhizCpcgZNKlfURI8fiwihW2rzbuHOwyPiuXSj--u4iTjg=mo","Mina rani Singha","4.0.4"
"com.fsn.nykaa",,"2026-08-19T23:59:58.200Z","2026-08-20T04:05:50.296Z","Hey, thank you for taking the time to share your feedback. Happy shopping!!

","79b36601-7f56-4991-a896-c12e0369d75e","3","3","2026-08-21T08:12:52.244Z","good 👍😊","0",,"https://play.google.com/store/apps/details?id=com.fsn.nykaa&reviewId=79b36601-7f56-4991-a896-c12e0369d75e","https://play-lh.googleusercontent.com/a/ACg8ocI43N5PBimsmg4d5eBXjJu7YHGkPvJF6Uw9nozIsdT0QsHHAA=mo","Sagar Palaskar","4.0.4"
"com.fsn.nykaa",,"2026-08-19T22:03:11.246Z","2026-08-20T04:10:49.158Z","Hi, we appreciate your feedback!","e6bc175a-fbd2-490f-9c26-5fad953ac9ce","4","4","2026-08-21T08:12:52.244Z","pls fast delivery Krna","0",,"https://play.google.com/store/apps/details?id=com.fsn.nykaa&reviewId=e6bc175a-fbd2-490f-9c26-5fad953ac9ce","https://play-lh.googleusercontent.com/a/ACg8ocK08q0uwbhYVDwpwQEYG4ZR7psy0HGT9PRAz-AgNJw2AAK_hA=mo","Madhu Gupta","4.0.4"
"com.fsn.nykaa","[{""criteria"":""vaf_app_quality_visual_appeal"",""rating"":2},{""criteria"":""vaf_app_quality_battery_heat"",""rating"":1},{""criteria"":""vaf_phase1_loyalty_program"",""rating"":2}]","2026-08-19T20:43:57.931Z","2026-08-20T04:46:46.440Z","Hi, we regret to hear this. We'd like to investigate this further. Kindly write to us via email at support@nykaa.com, so that we can have this addressed for you.","fa2e3f52-3c92-4092-8b90-90841f099323","1","1","2026-08-21T08:12:52.244Z","WORST! MONEY STUCK! order on 5 Aug promised by 10 Aug. Despite repeated followups, thr is no response. The delivery partner falsely marked me as “unreachable” and claimed an address issue, both false. I even tried contacting the delivery person, with no response. After 7 days, Nykaa cancelled the order and returned it to the warehouse. I paid ₹1261 bt they WILL refund only ₹1025. Y shd I bear 236 for your delivery failure? FULL REFUND PENDING. NO MONEY RECEIVED. already emailed you 100 times","0",,"https://play.google.com/store/apps/details?id=com.fsn.nykaa&reviewId=fa2e3f52-3c92-4092-8b90-90841f099323","https://play-lh.googleusercontent.com/a/ACg8ocKka8dIs4bQaBbn12w5p8zkj3PUtfcDgQYU6M9nvquKOGWAnQ=mo","Yashvi Bhavsar","4.0.4"
"com.fsn.nykaa",,"2026-08-19T19:54:08.810Z","2026-08-20T04:10:22.486Z","Hi, we appreciate your wonderful feedback!","1c250c49-6a14-42f3-a0fd-f63b34bcb9a9","3","3","2026-08-21T08:12:52.244Z","A little expensive","1",,"https://play.google.com/store/apps/details?id=com.fsn.nykaa&reviewId=1c250c49-6a14-42f3-a0fd-f63b34bcb9a9","https://play-lh.googleusercontent.com/a/ACg8ocKSmJk58-Ui-XbCwO6ugtHnVWDh3iJzlcFcguvDIUabsH6FGQ=mo","RIZWAN ALI","4.0.4"
"com.fsn.nykaa",,"2026-08-19T19:41:43.805Z","2026-08-19T19:46:42.876Z","Hi Shaheen Ansari, we are grateful for your feedback and will continue to strive to provide our customers with the highest quality of service and products. Keep exploring!","8f97966c-1f6c-4b16-bee5-bc5b01fd740c","5","5","2026-08-21T08:12:52.244Z","nice product","1",,"https://play.google.com/store/apps/details?id=com.fsn.nykaa&reviewId=8f97966c-1f6c-4b16-bee5-bc5b01fd740c","https://play-lh.googleusercontent.com/a/ACg8ocJfdXtqUrm1qVJVQzwSyUXUKDxbtIw8kKjTcE5ftCW2Jc6MiQ=mo","Shaheen Ansari","4.0.4"
"com.fsn.nykaa",,"2026-08-19T18:57:59.449Z","2026-08-20T04:08:04.728Z","Hi, thank you for the amazing feedback!","88b0e0f8-07b6-436c-9431-b156e6c8d9cc","5","5","2026-08-21T08:12:52.244Z","this app is very helpful with ol d skin care products to hair care..and genuiune product with ol d detail ..ovrall no 1 app in the playstore for skin care.. ..i m vry happy","1",,"https://play.google.com/store/apps/details?id=com.fsn.nykaa&reviewId=88b0e0f8-07b6-436c-9431-b156e6c8d9cc","https://play-lh.googleusercontent.com/a-/ALV-UjVVWWlf6-j5o-Rp1EIZx-F0mwQRzTJUrQIL6lc29Liu28FdH6PGCw","Neha Nanu","4.0.4"
"com.fsn.nykaa",,"2026-08-19T18:52:50.687Z","2026-08-19T18:58:21.272Z","Hey Mahima Haththel, thank you for taking the time to rate us!","a3700528-504d-4f47-8cbe-f598e249c882","5","5","2026-08-21T08:12:52.244Z","good","0",,"https://play.google.com/store/apps/details?id=com.fsn.nykaa&reviewId=a3700528-504d-4f47-8cbe-f598e249c882","https://play-lh.googleusercontent.com/a-/ALV-UjVAt1zYhHtTS1sRJcz3eF3uoWxFMGmg-TYMBDTa5TgNpZs9cOI","Mahima Haththel","4.0.4"
"com.fsn.nykaa",,"2026-08-19T17:58:40.876Z","2026-08-19T18:03:53.910Z","Hi Priyankasingha Mira! We are sorry to hear about this. Please highlight this concern to us at support@nykaa.com, so the team can assist you with this.","1f931815-9066-4742-9bf1-2ed2c24bcafd","1","1","2026-08-21T08:12:52.244Z","very bad 👎","0",,"https://play.google.com/store/apps/details?id=com.fsn.nykaa&reviewId=1f931815-9066-4742-9bf1-2ed2c24bcafd","https://play-lh.googleusercontent.com/a/ACg8ocKyMnh8yo6i5ZoiPmsJxRAIGwfzmFfW-zfGVORGmqg1alkflg=mo","Priyankasingha Mira","4.0.4"
"com.fsn.nykaa",,"2026-08-19T17:55:02.727Z","2026-08-19T18:00:53.996Z","Hey Jannat Khan, your feedback means a lot to us. We're committed to continuously bringing you products and services that will keep you thrilled. Keep exploring and happy shopping!","16fe3aa4-8681-4355-8470-e79354518ad9","5","5","2026-08-21T08:12:52.244Z","nice","0",,"https://play.google.com/store/apps/details?id=com.fsn.nykaa&reviewId=16fe3aa4-8681-4355-8470-e79354518ad9","https://play-lh.googleusercontent.com/a/ACg8ocLPUbyjNGwkRJajoe1UrvQWr4SLFqnKggZT-yVyOzN1TbVZ=mo","Jannat Khan","4.0.4"
"com.fsn.nykaa",,"2026-08-19T17:38:36.290Z","2026-08-19T17:45:48.358Z","Hey Muskan Saini, thank you for taking the time to rate us!","24ece57d-dd08-4595-9d32-12c7389802d4","5","5","2026-08-21T08:12:52.244Z","good","0",,"https://play.google.com/store/apps/details?id=com.fsn.nykaa&reviewId=24ece57d-dd08-4595-9d32-12c7389802d4","https://play-lh.googleusercontent.com/a-/ALV-UjX0G-l-Y5Tp4K6-nJMmXGsIUhp45aSNfK_CqNFjDOOa3q2AOG4","Muskan Saini","4.0.4"
"com.fsn.nykaa",,"2026-08-19T17:23:55.374Z","2026-08-19T17:30:41.757Z","Hi Bhoomi Patel, we are grateful for your feedback and will continue to strive to provide our customers with the highest quality of service and products. Keep exploring!","294e24e5-d5fc-4af9-a24e-5447bdc6cf76","4","4","2026-08-21T08:12:52.244Z","Good","0",,"https://play.google.com/store/apps/details?id=com.fsn.nykaa&reviewId=294e24e5-d5fc-4af9-a24e-5447bdc6cf76","https://play-lh.googleusercontent.com/a/ACg8ocIX_QKC9Qr32tLWy1_L5Zp0RmZloOdYnGs6Ky7VZ0CKS0I4Vw=mo","Bhoomi Patel","4.0.4"
"com.fsn.nykaa",,"2026-08-19T17:23:48.968Z","2026-08-19T17:30:39.887Z","Hi Vimala Devi, we are grateful for your feedback and will continue to strive to provide our customers with the highest quality of service and products. Keep exploring!","ad5da1a9-99d1-43bf-83ef-1a94b9fa0536","5","5","2026-08-21T08:12:52.244Z","Thank you for your great offers Nykaa...you are always the best...","0",,"https://play.google.com/store/apps/details?id=com.fsn.nykaa&reviewId=ad5da1a9-99d1-43bf-83ef-1a94b9fa0536","https://play-lh.googleusercontent.com/a/ACg8ocIJaFZKnbkSj2v7eubua6fTZ3LyPdZTChCzPs1BdadNaCpnVQ=mo","Vimala Devi","4.0.4"
"com.fsn.nykaa",,"2026-08-19T16:57:55.256Z","2026-08-19T17:03:34.615Z","Hi Syed Ilyas, we are grateful for your feedback and will continue to strive to provide our customers with the highest quality of service and products. Keep exploring!","01e4b5b7-264a-4b2c-929e-9602589c1b6a","5","5","2026-08-21T08:12:52.244Z","best","0",,"https://play.google.com/store/apps/details?id=com.fsn.nykaa&reviewId=01e4b5b7-264a-4b2c-929e-9602589c1b6a","https://play-lh.googleusercontent.com/a/ACg8ocJbQYAAGZgy_ARoXtpqM4LqZ6wIkBW67L4QiTx4_-QjOcds4Q=mo","Syed Ilyas","4.0.4"
"com.fsn.nykaa",,"2026-08-19T16:50:06.943Z","2026-08-20T04:07:01.573Z","Hi, we regret to hear this. We'd like to investigate this further. Kindly write to us via email at support@nykaa.com, so that we can have this addressed for you.","b768c3c0-8fe1-4b9c-b621-db4ca049e592","5","5","2026-08-21T08:12:52.244Z","not give the coupen","0",,"https://play.google.com/store/apps/details?id=com.fsn.nykaa&reviewId=b768c3c0-8fe1-4b9c-b621-db4ca049e592","https://play-lh.googleusercontent.com/a/ACg8ocLgJQCN4_3MntoY9-wrA0IN3jD_KJ-comwFWEuasCyuLegCig=mo","Anjali Sharma","4.0.4"
"com.fsn.nykaa",,"2026-08-19T16:32:21.150Z","2026-08-19T16:39:23.983Z","Hey Mehroon nisa, your feedback means a lot to us. We're committed to continuously bringing you products and services that will keep you thrilled. Keep exploring and happy shopping!","4778b7ea-9fdc-482a-9c24-aafe3eeee4c6","5","5","2026-08-21T08:12:52.244Z","very nice","0",,"https://play.google.com/store/apps/details?id=com.fsn.nykaa&reviewId=4778b7ea-9fdc-482a-9c24-aafe3eeee4c6","https://play-lh.googleusercontent.com/a/ACg8ocKtSr_5cCaVSycatu2ly4cI39088KTax-BFr87nUH4wGZX1rg=mo","Mehroon nisa","4.0.3"
"com.fsn.nykaa",,"2026-08-19T16:25:49.695Z","2026-08-19T16:30:09.942Z","Hey Navya jatav, your feedback means a lot to us. We're committed to continuously bringing you products and services that will keep you thrilled. Keep exploring and happy shopping!","31cde3f8-4fcf-4bd7-baa7-dcf4b6e0c150","5","5","2026-08-21T08:12:52.244Z","best app","0",,"https://play.google.com/store/apps/details?id=com.fsn.nykaa&reviewId=31cde3f8-4fcf-4bd7-baa7-dcf4b6e0c150","https://play-lh.googleusercontent.com/a/ACg8ocLcKyHkon-D3Zjsvn23S5vn39goQN98eDxycZiRWZta9T7jCg=mo","Navya jatav","4.0.4"
"com.fsn.nykaa",,"2026-08-19T16:21:11.525Z","2026-08-19T16:27:07.300Z","Hi Abhi Abhishek, we are grateful for your feedback and will continue to strive to provide our customers with the highest quality of service and products. Keep exploring!","f63c3b06-2c2d-4c5c-944b-afbd3e3fddeb","4","4","2026-08-21T08:12:52.244Z","good","0",,"https://play.google.com/store/apps/details?id=com.fsn.nykaa&reviewId=f63c3b06-2c2d-4c5c-944b-afbd3e3fddeb","https://play-lh.googleusercontent.com/a/ACg8ocLs4uKXFB9GtIYbzjvs1HbPv1C5VucuAO6zNHDFf7G5vZT18fo=mo","Abhi Abhishek","4.0.4"
"com.fsn.nykaa",,"2026-08-19T16:01:16.894Z","2026-08-20T04:05:59.209Z","Hi, we regret to hear this. We'd like to investigate this further. Kindly write to us via email at support@nykaa.com, so that we can have this addressed for you.","2f562a2d-4f56-4215-9fae-2b0b5a88aabd","1","1","2026-08-21T08:12:52.244Z","Big Zero star rating to Nykaa, I have been following up every day on my order, it's been more than 10 days, for the past 3 days your service agents have been lying to me about refund. Yesterday, someone said it's escalated and refund initiated, today your agent says refund is being initiated today, very untrustworthy Company!! I stand by my review of a Big Zero Rating for Nykaa for their Delayed Delivery and poor customer service!!!! Already Emailed 3 days back not a single response so far!!","0",,"https://play.google.com/store/apps/details?id=com.fsn.nykaa&reviewId=2f562a2d-4f56-4215-9fae-2b0b5a88aabd","https://play-lh.googleusercontent.com/a/ACg8ocJ4CrNBFUt13R-h387rgoaer9FF5x6oX4FjO4XModMP2XMGXg=mo","Bhuvaneswari Rajendran",
"com.fsn.nykaa","[{""criteria"":""vaf_phase1_loyalty_program"",""rating"":1},{""criteria"":""vaf_app_quality_ads_presence"",""rating"":2},{""criteria"":""vaf_app_quality_stability"",""rating"":1}]","2026-08-19T15:43:36.777Z","2026-08-19T15:50:35.658Z","Hi Josh Parmar! We are sorry to hear about this. Please highlight this concern to us at support@nykaa.com, so the team can assist you with this.","d51d2a0d-3617-4dcc-a952-fbd47783b5b8","1","1","2026-08-21T08:12:52.244Z","worst app don't you use it...I ordered a gift for someone and delivery delayed since 10 days and still not came showing 3 more days delay....even cannot cancel the order...I highly recommend use Amazon,flipkart or even messho but don't use this app please to all my brothers and sisters there","0",,"https://play.google.com/store/apps/details?id=com.fsn.nykaa&reviewId=d51d2a0d-3617-4dcc-a952-fbd47783b5b8","https://play-lh.googleusercontent.com/a/ACg8ocLh3--9oqB-u2quN5_y4P0KpNGYmQliIFwAif_fAcFvyAQLfA=mo","Josh Parmar","4.0.4"
"com.fsn.nykaa",,"2026-08-19T15:35:36.160Z","2026-08-19T15:41:14.719Z","Hi Divya Bisht, we request you to please email us at support@nykaa.com with your concerns so that we can have them addressed for you.","4cad38bb-65a3-4153-ab2f-95daa1ce640c","1","1","2026-08-21T08:12:52.244Z","very very very very very bad experience. . cancellation ki service hi ni h na Order return hora h bhut hi bkwas app h","0",,"https://play.google.com/store/apps/details?id=com.fsn.nykaa&reviewId=4cad38bb-65a3-4153-ab2f-95daa1ce640c","https://play-lh.googleusercontent.com/a-/ALV-UjU3kRebbhBWchtqLPGkB8YAI6PkyYS1JCQoMX3pJv6SLLYwP2x_","Divya Bisht","4.0.4"
"com.fsn.nykaa",,"2026-08-19T15:32:53.583Z","2026-08-19T15:56:46.438Z","Hi, we appreciate your wonderful feedback! 💖

","76037845-0474-447d-aff1-3754de17c83a","5","5","2026-08-21T08:12:52.244Z","👍","0",,"https://play.google.com/store/apps/details?id=com.fsn.nykaa&reviewId=76037845-0474-447d-aff1-3754de17c83a","https://play-lh.googleusercontent.com/a-/ALV-UjUn8yrKbxRm5VoNSpgqXup8loA4qg1Du0bnMn3OJhDktRtmMh0","NAMRATA PATEL","4.0.4"
"com.fsn.nykaa",,"2026-08-19T15:27:41.743Z","2026-08-19T15:56:51.573Z","Hi, we appreciate your wonderful feedback! 💖

","04c1e79d-f0d2-4f14-b4f2-c7ad0bbb21db","5","5","2026-08-21T08:12:52.244Z","I am happy discount bhi mila","0",,"https://play.google.com/store/apps/details?id=com.fsn.nykaa&reviewId=04c1e79d-f0d2-4f14-b4f2-c7ad0bbb21db","https://play-lh.googleusercontent.com/a/ACg8ocL6U4olr5NJx759f-6PrJDsDPEgDJhUZD5w6MGzvc55FGXDmw=mo","Satyam Rajak","4.0.4"
"com.fsn.nykaa","[{""criteria"":""vaf_app_quality_usability"",""rating"":2},{""criteria"":""vaf_phase1_loyalty_program"",""rating"":2},{""criteria"":""vaf_app_quality_ads_frequency"",""rating"":3}]","2026-08-19T15:10:30.553Z","2026-08-19T15:16:55.137Z","Hi palak tiwari, we request you to please email us at support@nykaa.com with your concerns so that we can have them addressed for you.","1e349ed4-3ade-4e4f-a1ca-45a0e359f8e1","1","1","2026-08-21T08:12:52.244Z","A very bad delivery experience it was my first order and firstly he delayed and secondly he didn't come another day because he reached the wrong place and my order got cancelled","0",,"https://play.google.com/store/apps/details?id=com.fsn.nykaa&reviewId=1e349ed4-3ade-4e4f-a1ca-45a0e359f8e1","https://play-lh.googleusercontent.com/a/ACg8ocILU2Jo3cDgq6jYEsGwlasGa3opvFu3pmYkDCMrl9s_BVzxoQ=mo","palak tiwari","4.0.4"
"com.fsn.nykaa",,"2026-08-19T15:04:42.938Z","2026-08-20T04:04:59.700Z","Hi, thank you for the rating!","15905144-9151-4df7-80cc-91024a6b238b","3","3","2026-08-21T08:12:52.244Z","this is my first order from this app I hope it make feel happy when I get my order","0",,"https://play.google.com/store/apps/details?id=com.fsn.nykaa&reviewId=15905144-9151-4df7-80cc-91024a6b238b","https://play-lh.googleusercontent.com/a-/ALV-UjXKgivyD65w77uXPQqPKeIEIsm-ONDf5VduW5MsPxvytLaFT7g","Dashisha Dashisha","4.0.4"
"com.fsn.nykaa",,"2026-08-19T14:57:23.843Z","2026-08-19T15:29:13.490Z","Hi, we appreciate your wonderful feedback! 💖

","d44abead-3465-4791-9ebe-a4e44fc4ccf9","5","5","2026-08-21T08:12:52.244Z","easy to order .","0",,"https://play.google.com/store/apps/details?id=com.fsn.nykaa&reviewId=d44abead-3465-4791-9ebe-a4e44fc4ccf9","https://play-lh.googleusercontent.com/a/ACg8ocLGJjptdvoLMdPbwR2P0FltadIPTboKORNuagqxMUBIIgnyVg=mo","Priyanka Sharma","4.0.4"
"com.fsn.nykaa",,"2026-08-19T14:51:46.646Z","2026-08-19T15:29:31.460Z","Hi, we appreciate your wonderful feedback! 💖

","b310740f-f771-4137-9247-25f510a4cffc","5","5","2026-08-21T08:12:52.244Z","first experience","0",,"https://play.google.com/store/apps/details?id=com.fsn.nykaa&reviewId=b310740f-f771-4137-9247-25f510a4cffc","https://play-lh.googleusercontent.com/a/ACg8ocLncDnhVgSvOC9JYjc5C8hNykf17nbBMEz3r9HbwaL-Wjh45w=mo","Ahktari","4.0.4"
"com.fsn.nykaa",,"2026-08-19T14:46:30.340Z","2026-08-19T14:53:22.934Z","Hey Amrita Raj, thank you for taking the time to rate us!","8f19cffb-0f20-4398-934f-96c356e488f4","5","5","2026-08-21T08:12:52.244Z","good and easy to purchase everything","0",,"https://play.google.com/store/apps/details?id=com.fsn.nykaa&reviewId=8f19cffb-0f20-4398-934f-96c356e488f4","https://play-lh.googleusercontent.com/a-/ALV-UjVIs4RsvHiFuxOufjr-WsOnd10NzEV7XgHjcOLMP18KCQTp2Xu1","Amrita Raj","4.0.4"
"com.fsn.nykaa",,"2026-08-19T14:07:53.656Z","2026-08-19T14:13:57.132Z","Hey Omkar Singh, your feedback means a lot to us. We're committed to continuously bringing you products and services that will keep you thrilled. Keep exploring and happy shopping!","3a3a12b5-0cfc-46a7-b91f-95ed866c9f34","4","4","2026-08-21T08:12:52.244Z","good","0",,"https://play.google.com/store/apps/details?id=com.fsn.nykaa&reviewId=3a3a12b5-0cfc-46a7-b91f-95ed866c9f34","https://play-lh.googleusercontent.com/a/ACg8ocLnz0T6BC4fz0-O6ln24jUgkkgr_xzH1t4W_-7Pp-yBrGmEQQ=mo","Omkar Singh","4.0.4"
"com.fsn.nykaa",,"2026-08-19T13:57:53.911Z","2026-08-19T14:41:52.302Z","Hi, we appreciate your wonderful feedback! 💖

","9a0a5e1d-346a-4cde-9ddc-ba1e0c2ace90","2","2","2026-08-21T08:12:52.244Z","good","0",,"https://play.google.com/store/apps/details?id=com.fsn.nykaa&reviewId=9a0a5e1d-346a-4cde-9ddc-ba1e0c2ace90","https://play-lh.googleusercontent.com/a-/ALV-UjWxKMYc8-w82lmjw6B0CnCif46onwH31chXwOIzye2Ms6j1jqM","Vibhanshi Sharma","4.0.4"
"com.fsn.nykaa",,"2026-08-19T13:50:20.543Z","2026-08-19T13:55:45.592Z","Hey Vigneeshwari G, your feedback means a lot to us. We're committed to continuously bringing you products and services that will keep you thrilled. Keep exploring and happy shopping!","1da2807e-a655-430b-b62c-a92d9c331b7a","5","5","2026-08-21T08:12:52.244Z","good service","0",,"https://play.google.com/store/apps/details?id=com.fsn.nykaa&reviewId=1da2807e-a655-430b-b62c-a92d9c331b7a","https://play-lh.googleusercontent.com/a/ACg8ocIEdatq2PNtl7gUnPQpvpEgPk52tJzV981sunwLHFhyZqfMMg=mo","Vigneeshwari G",
"com.fsn.nykaa",,"2026-08-19T13:23:37.542Z","2026-08-19T13:28:43.162Z","Hi, thank you so much for the lovely feedback!
","e48c5e06-2f70-42ca-9e4c-8bca53fb8a2e","5","5","2026-08-21T08:12:52.244Z","very good","0",,"https://play.google.com/store/apps/details?id=com.fsn.nykaa&reviewId=e48c5e06-2f70-42ca-9e4c-8bca53fb8a2e","https://play-lh.googleusercontent.com/a-/ALV-UjVV0ZhE0CXavBFg1QMSOlqHqRVvCEz8RZL8xaE0ub1_rfmaykoq","Vidhya Vidhya","4.0.4"
"com.fsn.nykaa",,"2026-08-19T13:20:35.807Z","2026-08-19T13:25:32.267Z","Hi Vikram Kumar, we are grateful for your feedback and will continue to strive to provide our customers with the highest quality of service and products. Keep exploring!","743ffb82-2572-4346-bb89-69ac1841b52b","5","5","2026-08-21T08:12:52.244Z","best game","0",,"https://play.google.com/store/apps/details?id=com.fsn.nykaa&reviewId=743ffb82-2572-4346-bb89-69ac1841b52b","https://play-lh.googleusercontent.com/a-/ALV-UjXTMEYJVvYmQ3eoNbeT_X3_EtaBJ_3mam6VVDVx3HtKVv5MksNW","Vikram Kumar","4.0.4"
"com.fsn.nykaa",,"2026-08-19T12:54:43.926Z","2026-08-19T13:01:08.502Z","Hey Manish garhwal, your feedback means a lot to us. We're committed to continuously bringing you products and services that will keep you thrilled. Keep exploring and happy shopping!","9cae60bd-a92f-405a-8428-426b9453f133","5","5","2026-08-21T08:12:52.244Z","best","0",,"https://play.google.com/store/apps/details?id=com.fsn.nykaa&reviewId=9cae60bd-a92f-405a-8428-426b9453f133","https://play-lh.googleusercontent.com/a/ACg8ocIqTnd-hlby7q5o-EW5-YqlZIFM12c0djHIg3Vr3MjbHc63SQ=mo","Manish garhwal","4.0.4"
"com.fsn.nykaa",,"2026-08-19T12:48:42.848Z","2026-08-19T12:55:03.789Z","Hey Preeti Khurana, thank you for taking the time to rate us!","d86cbd16-0225-4e9b-a6ae-85897e804c47","5","5","2026-08-21T08:12:52.244Z","good","0",,"https://play.google.com/store/apps/details?id=com.fsn.nykaa&reviewId=d86cbd16-0225-4e9b-a6ae-85897e804c47","https://play-lh.googleusercontent.com/a/ACg8ocISNkmWlWL3BKKWUYhfvkOrxS3Jt4uLxOXuVvLHyodfPdMrGw=mo","Preeti Khurana","4.0.4"
"com.fsn.nykaa",,"2026-08-19T12:47:34.217Z","2026-08-19T12:52:01.163Z","Hey Bipul Buragohain, your feedback means a lot to us. We're committed to continuously bringing you products and services that will keep you thrilled. Keep exploring and happy shopping!","eefb0a74-7e26-4a8d-a3ff-9b6efa99b8ac","5","5","2026-08-21T08:12:52.244Z","nice appp","0",,"https://play.google.com/store/apps/details?id=com.fsn.nykaa&reviewId=eefb0a74-7e26-4a8d-a3ff-9b6efa99b8ac","https://play-lh.googleusercontent.com/a/ACg8ocIEZbH6zdS8QO5aq-e0JiTfKdr2qK0rDpLozyXVms0dNaqY=mo","Bipul Buragohain","4.0.3"
"com.fsn.nykaa","[{""criteria"":""vaf_app_quality_stability"",""rating"":2},{""criteria"":""vaf_app_quality_battery_heat"",""rating"":3}]","2026-08-19T12:44:13.144Z","2026-08-19T15:54:51.611Z","Hey! Thank you for taking the time to rate us! If you are facing any issues we request you to email us at support@nykaa.com with your concern in detail so that we can have this addressed for you.","b51e61f6-407c-4936-ba8f-923da2dd35e6","1","1","2026-08-21T08:12:52.244Z","third class service","0",,"https://play.google.com/store/apps/details?id=com.fsn.nykaa&reviewId=b51e61f6-407c-4936-ba8f-923da2dd35e6","https://play-lh.googleusercontent.com/a-/ALV-UjXqo1SMyIBt6fvzd70gPSUVPPdd2MXECnorJG6UWmN-8bR2Yo8","Prinkesh Singh","4.0.4"
"com.fsn.nykaa",,"2026-08-19T12:35:53.427Z","2026-08-19T12:41:59.573Z","Hi, thank you for the amazing feedback!","695c9be9-dcec-469b-bbd2-722af774e044","5","5","2026-08-21T08:12:52.244Z","good app","0",,"https://play.google.com/store/apps/details?id=com.fsn.nykaa&reviewId=695c9be9-dcec-469b-bbd2-722af774e044","https://play-lh.googleusercontent.com/a/ACg8ocLriBaEx47x_AU8-RTe-iw8zsswUm-JjrFfgN5gaQ0sByz1CQ=mo","Poleboina kranthi","4.0.4"
"com.fsn.nykaa",,"2026-08-19T12:35:34.886Z",,,"50b17f80-d369-4a23-a1d5-927e5a3f039b","1","1","2026-08-21T08:12:52.244Z","Meri bahan ko coupon lagana nahin aata tha","0",,"https://play.google.com/store/apps/details?id=com.fsn.nykaa&reviewId=50b17f80-d369-4a23-a1d5-927e5a3f039b","https://play-lh.googleusercontent.com/a/ACg8ocLXcJfPeCzlPuv9BfMtYFbJG02i14bI2Pxhvit52-LTtsbn0Q=mo","Shrishti","4.0.4"
"com.fsn.nykaa",,"2026-08-19T12:33:17.192Z","2026-08-19T15:54:45.684Z","Hey! Thank you for taking the time to rate us! If you are facing any issues we request you to email us at support@nykaa.com with your concern in detail so that we can have this addressed for you.","713fe867-f44c-4a38-85f2-4c1b02ad6c72","1","1","2026-08-21T08:12:52.244Z","expensive","0",,"https://play.google.com/store/apps/details?id=com.fsn.nykaa&reviewId=713fe867-f44c-4a38-85f2-4c1b02ad6c72","https://play-lh.googleusercontent.com/a-/ALV-UjXvDwho5jTPt0ChAYfkqrpBt7ez4opNm0MeVpXA4NNtRk4eDppX","Nandini Maheshwari","4.0.4"
"com.fsn.nykaa",,"2026-08-19T12:21:28.695Z","2026-08-19T12:25:59.683Z","Hi, thank you for the amazing feedback!","f2b08d76-13a3-4d85-900e-fc12ab819c11","5","5","2026-08-21T08:12:52.244Z","good price","0",,"https://play.google.com/store/apps/details?id=com.fsn.nykaa&reviewId=f2b08d76-13a3-4d85-900e-fc12ab819c11","https://play-lh.googleusercontent.com/a/ACg8ocKp4dZvhg0quZ1Tj1ssEWiTbbeqndRRDzwA_8ejhypkPNUejQ=mo","Ameera Noor",
"com.fsn.nykaa",,"2026-08-19T12:19:01.334Z","2026-08-19T12:26:40.435Z","Hi, we regret to hear this. We'd like to investigate this further. Kindly write to us via email at support@nykaa.com, so that we can have this addressed for you.","af4b4513-a60a-47d8-b193-85e83eddbd37","1","1","2026-08-21T08:12:52.244Z","Unbelievably terrible experience with Nykaa! I was delivered a damaged item, and now they are refusing to accept a return or offer a replacement. I have wasted my money on a defective product due to their lack of quality checks. I demand an immediate resolution and refund!""","0",,"https://play.google.com/store/apps/details?id=com.fsn.nykaa&reviewId=af4b4513-a60a-47d8-b193-85e83eddbd37","https://play-lh.googleusercontent.com/a-/ALV-UjX5WLWj2TsnAcm9AefcQGQ9Pqv3qHDUvtZh48EtcJ0Gbexr2ZGfjA","Rutuja Bhosale","4.0.1"
"com.fsn.nykaa",,"2026-08-19T12:06:26.325Z","2026-08-19T12:12:49.506Z","Hi Akansha Mehta, we are grateful for your feedback and will continue to strive to provide our customers with the highest quality of service and products. Keep exploring!","23291a13-9b3d-46f3-b7ce-6d02a8460a1e","4","4","2026-08-21T08:12:52.244Z","Nice experience 👍🏻","0",,"https://play.google.com/store/apps/details?id=com.fsn.nykaa&reviewId=23291a13-9b3d-46f3-b7ce-6d02a8460a1e","https://play-lh.googleusercontent.com/a/ACg8ocIf8nmBVcvf4jwwZykPNPDf_vbytfTq-RaCuKQLGrqNtGLHQQ=mo","Akansha Mehta","4.0.3"
"com.fsn.nykaa","[{""criteria"":""vaf_phase1_loyalty_program"",""rating"":1}]","2026-08-19T12:02:09.824Z","2026-08-19T12:14:48.850Z","Hi, we appreciate your wonderful feedback! 💖

","3a00e604-c5a8-4784-87d3-0c6bbdea625c","5","5","2026-08-21T08:12:52.244Z","Fantastic app","0",,"https://play.google.com/store/apps/details?id=com.fsn.nykaa&reviewId=3a00e604-c5a8-4784-87d3-0c6bbdea625c","https://play-lh.googleusercontent.com/a-/ALV-UjUYAQVYrawC7xDfkrEqki3WM7F5yFujHpz4yMVIpZL1aOzJAAjk","Priyanka Saha",
"com.fsn.nykaa",,"2026-08-19T11:52:14.309Z","2026-08-19T11:57:44.605Z","Hey Devansh Kumar, your feedback means a lot to us. We're committed to continuously bringing you products and services that will keep you thrilled. Keep exploring and happy shopping!","be5b2f6e-3ff8-4143-b946-6f8465458731","5","5","2026-08-21T08:12:52.244Z","good app","0",,"https://play.google.com/store/apps/details?id=com.fsn.nykaa&reviewId=be5b2f6e-3ff8-4143-b946-6f8465458731","https://play-lh.googleusercontent.com/a-/ALV-UjWeqz4gTVOORvFyv_3RqTTm71To5v5QhT5M9Y48L6cScETl3sva","Devansh Kumar",
"com.fsn.nykaa",,"2026-08-19T11:43:45.119Z","2026-08-19T11:44:59.245Z","Hey, thank you for taking the time to share your feedback. Happy shopping!!

","9de8a082-0e9e-40ad-8e53-d4d4c73f0196","5","5","2026-08-21T08:12:52.244Z","I love it","0",,"https://play.google.com/store/apps/details?id=com.fsn.nykaa&reviewId=9de8a082-0e9e-40ad-8e53-d4d4c73f0196","https://play-lh.googleusercontent.com/a-/ALV-UjUh5i2fh0fw3C5QJeTIyv624YbXMdToTP08ff_0KSK5aJZAOAY","Luwangcha Devi","4.0.4"
"com.fsn.nykaa","[{""criteria"":""vaf_phase1_loyalty_program"",""rating"":2},{""criteria"":""vaf_app_quality_visual_appeal"",""rating"":2},{""criteria"":""vaf_app_quality_battery_heat"",""rating"":1}]","2026-08-19T11:35:01.998Z","2026-08-19T11:41:02.568Z","Hey Lizz Sucks, this is not how we would like you to feel about us. Kindly email us at support@nykaa.com with your concerns so that we can have them addressed for you.","71a387a9-62f7-4d68-88fb-f26eb94f8eef","1","1","2026-08-21T08:12:52.244Z","my orders keep getting delayed. I've tried getting in contact with them and they're not responsive","0",,"https://play.google.com/store/apps/details?id=com.fsn.nykaa&reviewId=71a387a9-62f7-4d68-88fb-f26eb94f8eef","https://play-lh.googleusercontent.com/a/ACg8ocKRF4b89HWqQCd6kL_B3LvaLfHbBqmmY0tdpNqfI1DoygzXcA=mo","Lizz Sucks","4.0.4"
"com.fsn.nykaa",,"2026-08-19T11:27:29.945Z","2026-08-19T11:33:18.924Z","Hey Juli Kumari, thank you for taking the time to rate us!","54a60f79-edd5-471a-ad85-b939d58e6fc0","5","5","2026-08-21T08:12:52.244Z","It's a good app, for Makeup products you can try it.","0",,"https://play.google.com/store/apps/details?id=com.fsn.nykaa&reviewId=54a60f79-edd5-471a-ad85-b939d58e6fc0","https://play-lh.googleusercontent.com/a/ACg8ocJzmM2QUQ2vwrV32-LhBC8fxGgURRN6WcgIEHk7ia1EHijX0g=mo","Juli Kumari",
"com.fsn.nykaa",,"2026-08-19T11:27:24.492Z","2026-08-19T11:33:16.881Z","Hey Hasini Kokkirala, thank you for taking the time to rate us!","ea6c8fcd-a8df-42a8-bac5-b6200289587b","5","5","2026-08-21T08:12:52.244Z","super products, Good 👍","0",,"https://play.google.com/store/apps/details?id=com.fsn.nykaa&reviewId=ea6c8fcd-a8df-42a8-bac5-b6200289587b","https://play-lh.googleusercontent.com/a/ACg8ocI4rKXx6tWEX_pdiTZhpODQgk1Q2HUxDIoSUjaJ0qCe1L8dAQ=mo","Hasini Kokkirala","4.0.4"
"com.fsn.nykaa",,"2026-08-19T11:04:58.754Z","2026-08-19T11:09:35.647Z","Hi, thank you for the amazing feedback!","e7b54534-64ab-4d99-a72d-dad54a97efdf","5","5","2026-08-21T08:12:52.244Z","🥰","0",,"https://play.google.com/store/apps/details?id=com.fsn.nykaa&reviewId=e7b54534-64ab-4d99-a72d-dad54a97efdf","https://play-lh.googleusercontent.com/a/ACg8ocIlAx9eEd8s26U161B4NOThGyyUcH7X06S0d-ushf3eeou41Q=mo","Amisha Savarnkar","4.0.4"
"com.fsn.nykaa",,"2026-08-19T10:40:43.147Z","2026-08-19T10:53:59.952Z","Hey! Our offers change to bring you a variety of deals. Visit Nykaa.com to check the discounts we are currently hosting.","ca8992c0-c5d3-4158-859a-68f7f804ffd6","3","3","2026-08-21T08:12:52.244Z","Discount And prise","0",,"https://play.google.com/store/apps/details?id=com.fsn.nykaa&reviewId=ca8992c0-c5d3-4158-859a-68f7f804ffd6","https://play-lh.googleusercontent.com/a/ACg8ocKzMCgps8YFvVhsJAyBWndFTM9vwCKeSLZ8af0laTzs1cIRmw=mo","Rabindra kumar singh Rabindra kumar singh","4.0.4"
"com.fsn.nykaa",,"2026-08-19T10:31:54.618Z","2026-08-19T10:37:45.134Z","Hi Tanvi Gadekar, we request you to please email us at support@nykaa.com with your concerns so that we can have them addressed for you.","7d15b785-dd6a-4159-9ca0-29041ef2ec42","1","1","2026-08-21T08:12:52.244Z","worst app not delivering my order and not even giving my refund","0",,"https://play.google.com/store/apps/details?id=com.fsn.nykaa&reviewId=7d15b785-dd6a-4159-9ca0-29041ef2ec42","https://play-lh.googleusercontent.com/a/ACg8ocL0NaLzOu6K-UGKal2Rpy71Q7P1XvsjjHwXxcrTd6e7HKoMQQ=mo","Tanvi Gadekar","4.0.4"
"com.fsn.nykaa",,"2026-08-19T10:22:02.571Z","2026-08-19T10:24:54.566Z","Hi, thank you for the amazing feedback!","b44c800c-b51d-44d9-8732-77d828b2d94e","5","5","2026-08-21T08:12:52.244Z","Good instant loan 😊","0",,"https://play.google.com/store/apps/details?id=com.fsn.nykaa&reviewId=b44c800c-b51d-44d9-8732-77d828b2d94e","https://play-lh.googleusercontent.com/a/ACg8ocLY7mRzY0fHub0OPh-dI76ryVtPpxj3o_rbrzud0PeA9Mhb2w=mo","Pramod Chaudhary","4.0.4"
"com.fsn.nykaa",,"2026-08-19T09:44:47.806Z","2026-08-19T09:50:20.739Z","Hey sohini dasgupta, your feedback means a lot to us. We're committed to continuously bringing you products and services that will keep you thrilled. Keep exploring and happy shopping!","a8a9e16c-9c25-4a54-b82f-0f71c5da0a69","4","4","2026-08-21T08:12:52.244Z","good","0",,"https://play.google.com/store/apps/details?id=com.fsn.nykaa&reviewId=a8a9e16c-9c25-4a54-b82f-0f71c5da0a69","https://play-lh.googleusercontent.com/a/ACg8ocKESjP6LO8iRIKFmYe3jUpKgltEA-3sbWDWCFOCBTm-9kPYHpY=mo","sohini dasgupta","4.0.4"
"com.fsn.nykaa",,"2026-08-19T09:36:26.748Z","2026-08-19T09:44:39.877Z","Hi, thank you for the amazing feedback!","ee8efa57-abf8-4f1f-a87a-6aa080b9d0f0","5","5","2026-08-21T08:12:52.244Z","very 👍","0",,"https://play.google.com/store/apps/details?id=com.fsn.nykaa&reviewId=ee8efa57-abf8-4f1f-a87a-6aa080b9d0f0","https://play-lh.googleusercontent.com/a/ACg8ocLJrWTFHAXAry08BI4hxZaLnvSikpLK79f01Hk1tQnQcuwhxQ=mo","Goyir Loyi","4.0.4"
"com.fsn.nykaa",,"2026-08-19T09:19:30.680Z","2026-08-19T09:34:13.482Z","Hi, we would not want any of our customers to feel this way. We'd like to know what went wrong and help you with it. Can you please mail us  at support@nykaa.com so that we can have this addressed for you.

","348912df-498a-4e81-945f-0b0706cd229e","5","5","2026-08-21T08:12:52.244Z","The company chose this name to reflect its core mission: helping every individual discover their unique style, embrace their personal beauty, and feel confident standing in their own spotlight.","0",,"https://play.google.com/store/apps/details?id=com.fsn.nykaa&reviewId=348912df-498a-4e81-945f-0b0706cd229e","https://play-lh.googleusercontent.com/a/ACg8ocK-3rPanaCaMVjQWi9ILjoE-hLLfMS0HDvN4_SGa-mp5x6aJg=mo","Priyanka","4.0.4"
"com.fsn.nykaa",,"2026-08-19T09:05:10.556Z","2026-08-19T09:10:24.984Z","Hi sarita sharma, we are grateful for your feedback and will continue to strive to provide our customers with the highest quality of service and products. Keep exploring!","5815e239-e1b3-416a-957c-aa0ccd25a904","5","5","2026-08-21T08:12:52.244Z","good","0",,"https://play.google.com/store/apps/details?id=com.fsn.nykaa&reviewId=5815e239-e1b3-416a-957c-aa0ccd25a904","https://play-lh.googleusercontent.com/a/ACg8ocIXuaPuPQsOiAll-wP_gHQxCSF-gwwBbcHULQ7E3YtX4Qj8Vg=mo","sarita sharma","4.0.4"
"com.fsn.nykaa","[{""criteria"":""vaf_app_quality_performance"",""rating"":1},{""criteria"":""vaf_app_quality_visual_appeal"",""rating"":1},{""criteria"":""vaf_app_quality_stability"",""rating"":1}]","2026-08-19T08:43:53.474Z","2026-08-19T08:49:00.174Z","Hey Komal Barnwal, thank you for taking the time to rate us!","4fc95dba-efdf-446b-9f8e-aa1c8a108713","5","5","2026-08-21T08:12:52.244Z","this app is best because it has all brands makeup","0",,"https://play.google.com/store/apps/details?id=com.fsn.nykaa&reviewId=4fc95dba-efdf-446b-9f8e-aa1c8a108713","https://play-lh.googleusercontent.com/a/ACg8ocL6mTErgOhI2lLD3jPzt8SK0j5BkZGHBEHCbuabY1wy7uFWmw=mo","Komal Barnwal",
"com.fsn.nykaa",,"2026-08-19T08:43:09.782Z","2026-08-19T08:48:58.406Z","Hey Raj pratap Srivastava, thank you for taking the time to rate us!","624483cd-1f89-46d0-ad4a-db5af9f7f5a3","5","5","2026-08-21T08:12:52.244Z","nice 👍","0",,"https://play.google.com/store/apps/details?id=com.fsn.nykaa&reviewId=624483cd-1f89-46d0-ad4a-db5af9f7f5a3","https://play-lh.googleusercontent.com/a/ACg8ocKToD1X-eJyPXVelvSL7i-yESfTaiuiwsoKQv0Dfwnnd4W15g=mo","Raj pratap Srivastava",
"com.fsn.nykaa",,"2026-08-19T08:39:15.916Z","2026-08-19T08:45:56.463Z","Hey Sana Affrin, your feedback means a lot to us. We're committed to continuously bringing you products and services that will keep you thrilled. Keep exploring and happy shopping!","27f7d5d5-d666-40a8-ac68-5b3f484d8054","5","5","2026-08-21T08:12:52.244Z","good product 👍","0",,"https://play.google.com/store/apps/details?id=com.fsn.nykaa&reviewId=27f7d5d5-d666-40a8-ac68-5b3f484d8054","https://play-lh.googleusercontent.com/a/ACg8ocIbqCqM3pwoTak478l2e5rY_8lNvTKMf_sNhAufyU0Z2z2-Eg=mo","Sana Affrin","4.0.4"
"com.fsn.nykaa",,"2026-08-19T08:23:11.836Z","2026-08-19T08:32:59.303Z","Hi, we appreciate your wonderful feedback! 💖","9335ea36-e7ef-4296-aa27-694493538a75","3","3","2026-08-21T08:12:52.244Z","👍🏼 good","0",,"https://play.google.com/store/apps/details?id=com.fsn.nykaa&reviewId=9335ea36-e7ef-4296-aa27-694493538a75","https://play-lh.googleusercontent.com/a/ACg8ocJiqmcyzvTwalLcgWvj6vPNXVYMLhoICfSv1GHWcaeplu8W8Q=mo","Riya Mahato","4.0.4"
"com.fsn.nykaa",,"2026-08-19T08:19:25.323Z","2026-08-19T08:24:50.503Z","Hi Ankit Varshney, we are grateful for your feedback and will continue to strive to provide our customers with the highest quality of service and products. Keep exploring!","121296c8-0468-46da-97ad-95912d930262","5","5","2026-08-21T08:12:52.244Z","Great 👍 started nykaa","0",,"https://play.google.com/store/apps/details?id=com.fsn.nykaa&reviewId=121296c8-0468-46da-97ad-95912d930262","https://play-lh.googleusercontent.com/a-/ALV-UjWRFXF6f3hXh9QqtgWvXF8GBmIA7KZ5zIoZgv2uLCuR6ziqSFZI","Ankit Varshney","4.0.4"
"com.fsn.nykaa","[{""criteria"":""vaf_browsing_images"",""rating"":1},{""criteria"":""vaf_never_display_meet_expectations"",""rating"":1},{""criteria"":""vaf_phase1_same_day_delivery"",""rating"":2}]","2026-08-19T08:14:28.118Z","2026-08-19T09:05:12.430Z","Hi, we regret to hear this. We'd like to investigate this further. Kindly write to us via email at support@nykaa.com, so that we can have this addressed for you.","c6c5afc8-de76-4c64-b286-f11e141bbf6a","1","1","2026-08-21T08:12:52.244Z","app is full of production bugs, items in cart gets automatically added in 2hr delivery and user cannot choose between normal vs 2 hr delivery. And, nykaa is never able to fulfill the 2hr delivery and they cancel the order, customer care is of no help.","0",,"https://play.google.com/store/apps/details?id=com.fsn.nykaa&reviewId=c6c5afc8-de76-4c64-b286-f11e141bbf6a","https://play-lh.googleusercontent.com/a-/ALV-UjUgGllv_-bUEOixOifT6PHg2XBbaEw6H-8t9AitqwSPgZYQyhRciA","A","4.0.4"
"com.fsn.nykaa",,"2026-08-19T08:11:09.109Z","2026-08-19T08:18:47.163Z","Hey Nimisha, your feedback means a lot to us. We're committed to continuously bringing you products and services that will keep you thrilled. Keep exploring and happy shopping!","3c5bd957-adc6-4fd8-a597-8517ed5cf2c4","5","5","2026-08-21T08:12:52.244Z","Good brand","0",,"https://play.google.com/store/apps/details?id=com.fsn.nykaa&reviewId=3c5bd957-adc6-4fd8-a597-8517ed5cf2c4","https://play-lh.googleusercontent.com/a/ACg8ocJHObahIxqb_rK-62li3brwE8KRYLyUOo9p6Gpq7JMmYNSwPA=mo","Nimisha","4.0.4"
"com.fsn.nykaa",,"2026-08-19T08:03:33.202Z","2026-08-19T08:06:23.380Z","Hi, we regret to hear this. We'd like to investigate this further. Kindly write to us via email at support@nykaa.com, so that we can have this addressed for you.","e8505ce7-fea5-4fd5-bf93-e6190c82e595","2","2","2026-08-21T08:12:52.244Z","I have ordered something but that has not been reached and the delivery man called me and said that can I deliver it tomorrow because I came far and I told him ok then he told me otp is going please tell the otp and said now it has been more than 4 days now it's showing the delivery person was reached at you many time delivery failed it's showing and try ordering again if needed like srsly too bad this is","0",,"https://play.google.com/store/apps/details?id=com.fsn.nykaa&reviewId=e8505ce7-fea5-4fd5-bf93-e6190c82e595","https://play-lh.googleusercontent.com/a/ACg8ocLBq_GjX_FpXq_BbjWY0GGzYUervazG9ZM5vY6eET69V-PLBQ=mo","Deepika Singh",
"com.fsn.nykaa",,"2026-08-19T07:19:53.356Z","2026-08-19T07:24:13.357Z","Hey Mohit Dabla, your feedback means a lot to us. We're committed to continuously bringing you products and services that will keep you thrilled. Keep exploring and happy shopping!","596d4531-552b-467b-b666-9728e2a5d60f","5","5","2026-08-21T08:12:52.244Z","best app 👍🏻","0",,"https://play.google.com/store/apps/details?id=com.fsn.nykaa&reviewId=596d4531-552b-467b-b666-9728e2a5d60f","https://play-lh.googleusercontent.com/a/ACg8ocI-qIDwrSA_NTNTa3nO4sNISglaDPfH9MjKDBOa-Mlrwl0XEQ=mo","Mohit Dabla","4.0.3"
"com.fsn.nykaa",,"2026-08-19T07:18:25.126Z","2026-08-19T07:32:44.625Z","Hi, thank you for the amazing feedback!","6e645d97-85c9-4203-aac0-b34f8f03457f","5","5","2026-08-21T08:12:52.244Z","niceeee!!!!!💌","0",,"https://play.google.com/store/apps/details?id=com.fsn.nykaa&reviewId=6e645d97-85c9-4203-aac0-b34f8f03457f","https://play-lh.googleusercontent.com/a/ACg8ocLHcGDz3xhxi0ud_6G2ui5oUymuZqWGZyi1lNGzpfU6ewqzDg=mo","Binay Shankar Prasad","4.0.4"
"com.fsn.nykaa",,"2026-08-19T06:59:35.751Z","2026-08-19T07:06:07.362Z","Hey Vidha A Vijeesh, your feedback means a lot to us. We're committed to continuously bringing you products and services that will keep you thrilled. Keep exploring and happy shopping!","9d89ad02-1732-4a0f-ae7c-2e76678b58eb","5","5","2026-08-21T08:12:52.244Z","good ❤️","0",,"https://play.google.com/store/apps/details?id=com.fsn.nykaa&reviewId=9d89ad02-1732-4a0f-ae7c-2e76678b58eb","https://play-lh.googleusercontent.com/a-/ALV-UjUZj2o4YBTToWhOoGE5lWQEarAXt1t-mZ131OoZoTRLi_pHvEo","Vidha A Vijeesh","4.0.3"
"com.fsn.nykaa",,"2026-08-19T06:56:08.680Z","2026-08-19T07:33:36.115Z","Hi, we regret to hear this. We'd like to investigate this further. Kindly write to us via email at support@nykaa.com, so that we can have this addressed for you.","cdafd17c-165e-4860-8d04-a452a1bf5639","1","1","2026-08-21T08:12:52.244Z","usually they are pretty fast with their services but this time ... a product that I have put on return for nearly a month hasn't been picked up and despite even emailing them there is no action . another product was ordered it it just shows that the driver tried to contact me but I didn't pick up.. Lies.. I don't know why they are doing this .. it is not upto nykaas standard","0",,"https://play.google.com/store/apps/details?id=com.fsn.nykaa&reviewId=cdafd17c-165e-4860-8d04-a452a1bf5639","https://play-lh.googleusercontent.com/a/ACg8ocK-Bk0EoH2-np1giQV1R-pplHv2TSxgF4uJeZUmIuiTWK8TdA=mo","Pritam Kaur",
"com.fsn.nykaa",,"2026-08-19T06:40:37.544Z","2026-08-19T06:48:00.274Z","Hey manas Ranjan Behera, your feedback means a lot to us. We're committed to continuously bringing you products and services that will keep you thrilled. Keep exploring and happy shopping!","c416b339-9bf0-4e70-96c2-4e303d7e7b22","5","5","2026-08-21T08:12:52.244Z","good","0",,"https://play.google.com/store/apps/details?id=com.fsn.nykaa&reviewId=c416b339-9bf0-4e70-96c2-4e303d7e7b22","https://play-lh.googleusercontent.com/a-/ALV-UjXtMeaTHAl5Jl7ouaTE6lb8ta2lVhmOGORxVre1nbaIDZkuuqzV","manas Ranjan Behera","4.0.4"
"com.fsn.nykaa",,"2026-08-19T06:31:34.175Z","2026-08-19T06:38:55.451Z","Hey Rasheda khtun. Rasheda., your feedback means a lot to us. We're committed to continuously bringing you products and services that will keep you thrilled. Keep exploring and happy shopping!","8535b0cc-3005-44ab-9ac3-9b93f100a4ce","4","4","2026-08-21T08:12:52.244Z","good","0",,"https://play.google.com/store/apps/details?id=com.fsn.nykaa&reviewId=8535b0cc-3005-44ab-9ac3-9b93f100a4ce","https://play-lh.googleusercontent.com/a/ACg8ocLv40Hls-Qg_H3GFYdVIckk1aGc2zaMMc07ppATicSpobhQEA=mo","Rasheda khtun. Rasheda.","4.0.4"
"com.fsn.nykaa",,"2026-08-19T06:27:50.585Z","2026-08-19T07:34:12.694Z","Hi, we regret to hear this. We'd like to investigate this further. Kindly write to us via email at support@nykaa.com, so that we can have this addressed for you.","1dc5f165-f530-40df-914c-8daddbce5ace","1","1","2026-08-21T08:12:52.244Z","15 days and still no delivery! Very disappointing! It’s been 15 days since I placed my order, and the delivery date keeps getting postponed. Customer care ignored my cancellation requests multiple times, and even after confirming cancellation, the order is still active after 3 days. Really frustrating experience with Nykaa. #nykaa","0",,"https://play.google.com/store/apps/details?id=com.fsn.nykaa&reviewId=1dc5f165-f530-40df-914c-8daddbce5ace","https://play-lh.googleusercontent.com/a/ACg8ocJA1Uwv6UMTZL6AQLySsF0dPa1fAf134w-cIbaWCrms1QqO1w=mo","Sapna Meena","4.0.4"
"com.fsn.nykaa",,"2026-08-19T06:25:49.242Z","2026-08-19T06:32:40.802Z","Hey Mutturaj k K, thank you for taking the time to rate us!","251fbfd3-f0d5-47d5-8ab6-c77e243502c4","5","5","2026-08-21T08:12:52.244Z","good","0",,"https://play.google.com/store/apps/details?id=com.fsn.nykaa&reviewId=251fbfd3-f0d5-47d5-8ab6-c77e243502c4","https://play-lh.googleusercontent.com/a/ACg8ocK2HwW9JnTTd1RrrazVwNv0mZIaq_Of7mZ1SflsAvvLQTgupw=mo","Mutturaj k K","4.0.4"
"com.fsn.nykaa",,"2026-08-19T06:19:34.500Z","2026-08-19T06:26:37.250Z","Hi Komal Vhatkar, we are grateful for your feedback and will continue to strive to provide our customers with the highest quality of service and products. Keep exploring!","57e8c61a-2879-4418-a674-75480b044754","5","5","2026-08-21T08:12:52.244Z","good.","0",,"https://play.google.com/store/apps/details?id=com.fsn.nykaa&reviewId=57e8c61a-2879-4418-a674-75480b044754","https://play-lh.googleusercontent.com/a/ACg8ocJupholfkp6Lxq9lsgBYiaA-iBD3ZkFvUnLDoRDnWxxMZxzOw=mo","Komal Vhatkar","4.0.4"
"com.fsn.nykaa",,"2026-08-19T06:18:48.801Z","2026-08-19T06:23:34.820Z","Hey Akshaya akshaya, thank you for taking the time to rate us!","2d9698dd-b6c6-49f9-bf24-d100065033de","5","5","2026-08-21T08:12:52.244Z","too good","0",,"https://play.google.com/store/apps/details?id=com.fsn.nykaa&reviewId=2d9698dd-b6c6-49f9-bf24-d100065033de","https://play-lh.googleusercontent.com/a/ACg8ocK9NUOOtCo1O_VqT6KyUYLiljj32RsPj0NnCl45rZWeUfHmgw=mo","Akshaya akshaya","4.0.4"
"com.fsn.nykaa",,"2026-08-19T06:17:12.831Z","2026-08-19T06:23:37.984Z","Hi confused electron, we request you to please email us at support@nykaa.com with your concerns so that we can have them addressed for you.","3d7750a8-29d0-4424-8865-8bde2cb9a4dd","1","1","2026-08-21T08:12:52.244Z","Dabbaaa platform ,I ordered my first order from your platform and the product was damaged already which is common I agree,but later the process is duh🤦🏻‍♀️ , I requested for return they cancelled twice and finally agreed after calling customer care support twice , this didn't stop here they cancelled my request saying I've cancelled from my side that's ridiculous I had not gotten any calls from ur agents , now after everything they're delaying return pickup bruhh never gonna order again","0",,"https://play.google.com/store/apps/details?id=com.fsn.nykaa&reviewId=3d7750a8-29d0-4424-8865-8bde2cb9a4dd","https://play-lh.googleusercontent.com/a/ACg8ocKywheJwi28RBXcCqmC16wKd4fnCWRt5gayb1QmRi_k1lW1Ag=mo","confused electron","4.0.4"
"com.fsn.nykaa",,"2026-08-19T06:13:09.790Z","2026-08-19T06:20:35.616Z","Hi prashant kumar Chatterjee! We are sorry to hear about this. Please highlight this concern to us at support@nykaa.com, so the team can assist you with this.","da9e6b6c-276d-4f90-8b8b-9db82a9f4230","1","1","2026-08-21T08:12:52.244Z","giving one star is more. there should be worst option. very very bad experience. one of the worst app I had ever used. they show different date while placing order and even after few days passed of the date they didn't deliver. no response from customer care also.","0",,"https://play.google.com/store/apps/details?id=com.fsn.nykaa&reviewId=da9e6b6c-276d-4f90-8b8b-9db82a9f4230","https://play-lh.googleusercontent.com/a/ACg8ocLRpwNGXmQ11Yuw-AliGO0DDfjzJjYJ_8oJB_DvdadeBftHVOc=mo","prashant kumar Chatterjee","4.0.4"
"com.fsn.nykaa",,"2026-08-19T06:09:09.369Z","2026-08-19T07:34:47.587Z","Hi, thank you for the amazing feedback!","30563770-d650-4021-9a82-ce518b2c01bc","5","5","2026-08-21T08:12:52.244Z","loved it 🫶 totally worth it","0",,"https://play.google.com/store/apps/details?id=com.fsn.nykaa&reviewId=30563770-d650-4021-9a82-ce518b2c01bc","https://play-lh.googleusercontent.com/a/ACg8ocIDQQqyUrSJJrYed5-zJAk3ttRhMDYCwWoosYkOyJo5SEqcRg=mo","Meghna Sherpa","4.0.4"
"com.fsn.nykaa",,"2026-08-19T06:02:15.403Z","2026-08-19T06:08:07.176Z","Hi Anisha Mishra, we are grateful for your feedback and will continue to strive to provide our customers with the highest quality of service and products. Keep exploring!","5907603f-7356-407d-9f8a-c8d287517b68","5","5","2026-08-21T08:12:52.244Z","nice","0",,"https://play.google.com/store/apps/details?id=com.fsn.nykaa&reviewId=5907603f-7356-407d-9f8a-c8d287517b68","https://play-lh.googleusercontent.com/a/ACg8ocL7TOZa5AyNnnq3C5dkAP5WlVRYh9RUWj_E-uAWL16nY4kaRw=mo","Anisha Mishra","4.0.4"
"com.fsn.nykaa",,"2026-08-19T06:00:27.842Z","2026-08-19T07:35:20.227Z","Hi, we regret to hear this. We'd like to investigate this further. Kindly write to us via email at support@nykaa.com, so that we can have this addressed for you.","315ec99e-670f-4d4e-8e10-3df3a3588637","1","1","2026-08-21T08:12:52.244Z","bohot bekar app hi odar nhi ata hai call bhi nhi uthte hi","0",,"https://play.google.com/store/apps/details?id=com.fsn.nykaa&reviewId=315ec99e-670f-4d4e-8e10-3df3a3588637","https://play-lh.googleusercontent.com/a/ACg8ocLcluEirO6Ef8wU-iFlE2jGUfr0z0eTU9yoa_lV3RTZIghmMA=mo","Mehak Malik","4.0.4"
"com.fsn.nykaa",,"2026-08-19T05:57:33.309Z","2026-08-19T06:02:03.441Z","Hey Ganga Chakma, your feedback means a lot to us. We're committed to continuously bringing you products and services that will keep you thrilled. Keep exploring and happy shopping!","b3a2cf58-efb4-4205-bf3e-3c821802cfe7","5","5","2026-08-21T08:12:52.244Z","Nykaa is very good application","0",,"https://play.google.com/store/apps/details?id=com.fsn.nykaa&reviewId=b3a2cf58-efb4-4205-bf3e-3c821802cfe7","https://play-lh.googleusercontent.com/a/ACg8ocKtRzwcmSnFd40GosJ8QX2RHmnxqDyEa42DsZHKJEAen-AcpQ=mo","Ganga Chakma","4.0.4"
"com.fsn.nykaa",,"2026-08-19T05:55:52.440Z","2026-08-19T06:02:06.347Z","Hey Swagata Mondal, this is not how we would like you to feel about us. Kindly email us at support@nykaa.com with your concerns so that we can have them addressed for you.","247cbab7-fea9-420c-ad1f-ca7b85025976","1","1","2026-08-21T08:12:52.244Z","This is a fraud app , if any order place by mistake, but refunds gets 50% only this is very disappointing. just disgusting app.","0",,"https://play.google.com/store/apps/details?id=com.fsn.nykaa&reviewId=247cbab7-fea9-420c-ad1f-ca7b85025976","https://play-lh.googleusercontent.com/a-/ALV-UjU_bAnE4nJDnp_1KS8tE_M05xMit9HS5KDbThroI7UFgHJdu4ORxQ","Swagata Mondal",
"com.fsn.nykaa",,"2026-08-19T05:46:07.140Z","2026-08-19T07:35:23.251Z","Hey, thank you for taking the time to share your feedback. Happy shopping!!

","8a79b8d7-a73b-40c2-8c0a-d8db1e9bc662","3","3","2026-08-21T08:12:52.244Z","koi khas offer nhi hota","0",,"https://play.google.com/store/apps/details?id=com.fsn.nykaa&reviewId=8a79b8d7-a73b-40c2-8c0a-d8db1e9bc662","https://play-lh.googleusercontent.com/a/ACg8ocIR8Cg9CN6EzzWcGLG8KMhFSDPOWJO2Zin3_-V_BPDIMAcx3w=mo","Preeti Singh","4.0.4"
"com.fsn.nykaa",,"2026-08-19T05:35:40.244Z","2026-08-19T05:40:58.660Z","Hey Anshika Gupta, we regret to hear this, we'd like to know what went wrong and help you with it. We request you to email us at support@nykaa.com with your order details so that we can have this addressed for you.","30f2822d-211c-4b7d-bd31-95febeb5c463","1","1","2026-08-21T08:12:52.244Z","really bad experience, they send you fake promotional messages about crediting bal. in ur wallet and when you complain about not receiving that, they deny from that.","0",,"https://play.google.com/store/apps/details?id=com.fsn.nykaa&reviewId=30f2822d-211c-4b7d-bd31-95febeb5c463","https://play-lh.googleusercontent.com/a-/ALV-UjUhEKrp0HPlcTSVirAhrAXaUdYQlU-qKIn6-MLrhkXxJSNx4J1K","Anshika Gupta","4.0.4"
"com.fsn.nykaa",,"2026-08-19T05:25:44.809Z","2026-08-19T05:31:53.700Z","Hi Annie infanta! We are sorry to hear about this. Please highlight this concern to us at support@nykaa.com, so the team can assist you with this.","da223f03-9980-40ce-9f33-d167b473f21d","1","1","2026-08-21T08:12:52.244Z","once I've gotten a damaged product delivered initiated return pickup no one came or called, second time wanted to return an item spoke to umpteen number of support people but no one given a solution, nykaa is doing scam by not taking customer's return request, terribly frustrated.","0",,"https://play.google.com/store/apps/details?id=com.fsn.nykaa&reviewId=da223f03-9980-40ce-9f33-d167b473f21d","https://play-lh.googleusercontent.com/a-/ALV-UjVG96hzOB2Xc-EZ68J4rqy5qmVRjTpGrmvXPDeCjcbsXrNxe_4H","Annie infanta","4.0.4"
"com.fsn.nykaa",,"2026-08-19T05:06:19.565Z","2026-08-19T05:13:48.157Z","Hi Priyakshi Das, we are grateful for your feedback and will continue to strive to provide our customers with the highest quality of service and products. Keep exploring!","315b9117-a91f-4d9d-b1af-475791e79dcf","5","5","2026-08-21T08:12:52.244Z","excellent","0",,"https://play.google.com/store/apps/details?id=com.fsn.nykaa&reviewId=315b9117-a91f-4d9d-b1af-475791e79dcf","https://play-lh.googleusercontent.com/a-/ALV-UjUYi-FLiSnT0_QzD4hEs5mu4p4kgcF6xaten4DJ16MY4aDAYJMY","Priyakshi Das","4.0.4"
"com.fsn.nykaa",,"2026-08-19T04:57:07.269Z","2026-08-19T05:04:40.297Z","Hi Ariful Sk, we are grateful for your feedback and will continue to strive to provide our customers with the highest quality of service and products. Keep exploring!","0aaffad4-4035-4b42-a7ce-ce9a3d97e31a","5","5","2026-08-21T08:12:52.244Z","good 👍","0",,"https://play.google.com/store/apps/details?id=com.fsn.nykaa&reviewId=0aaffad4-4035-4b42-a7ce-ce9a3d97e31a","https://play-lh.googleusercontent.com/a/ACg8ocLplYIpytS8I038ywkqX16gBcV6imSLzvIoJBJGu8xkHIn0iQ=mo","Ariful Sk","4.0.4"
"com.fsn.nykaa",,"2026-08-19T04:28:51.713Z","2026-08-19T04:34:33.183Z","Hey sekh kurai, thank you for taking the time to rate us!","5f262610-1adb-487e-abbc-4079386db9de","5","5","2026-08-21T08:12:52.244Z","this ap is amazing and trusteble","0",,"https://play.google.com/store/apps/details?id=com.fsn.nykaa&reviewId=5f262610-1adb-487e-abbc-4079386db9de","https://play-lh.googleusercontent.com/a/ACg8ocJUtiO1VICNNMvS7c1j2kWC8vPALOT8lGYrHXDGl6CfeMrZEg=mo","sekh kurai","4.0.4"
"com.fsn.nykaa",,"2026-08-19T04:23:56.830Z","2026-08-19T04:28:30.714Z","Hi Sowjanya Pavuluri, we are grateful for your feedback and will continue to strive to provide our customers with the highest quality of service and products. Keep exploring!","0b1c522f-eb54-4b3b-a3dd-7641bdcd601c","5","5","2026-08-21T08:12:52.244Z","good","0",,"https://play.google.com/store/apps/details?id=com.fsn.nykaa&reviewId=0b1c522f-eb54-4b3b-a3dd-7641bdcd601c","https://play-lh.googleusercontent.com/a/ACg8ocL1JSsW-OeBE1NO0RrKonsLWHXxzeV9JeHRRCgLXiL9Y9q11Ss=mo","Sowjanya Pavuluri","4.0.4"
"com.fsn.nykaa",,"2026-08-19T03:53:32.508Z","2026-08-19T04:00:39.417Z","Hi Monalisha Murmu, we are grateful for your feedback and will continue to strive to provide our customers with the highest quality of service and products. Keep exploring!","63299ba7-f89d-4ae8-9794-0eddc00efce0","5","5","2026-08-21T08:12:52.244Z","very good experience 🫶","0",,"https://play.google.com/store/apps/details?id=com.fsn.nykaa&reviewId=63299ba7-f89d-4ae8-9794-0eddc00efce0","https://play-lh.googleusercontent.com/a-/ALV-UjX3H2d0vpJRFz8-c3CD7ZDnFFBsAXAW-LILobvzs2drkhMhtCvb","Monalisha Murmu",
"com.fsn.nykaa","[{""criteria"":""vaf_app_quality_performance"",""rating"":2}]","2026-08-19T03:47:16.532Z","2026-08-19T04:01:29.712Z","Hi, we would not want any of our customers to feel this way. We'd like to know what went wrong and help you with it. Can you please mail us  at support@nykaa.com so that we can have this addressed for you.
","1a48c9d4-7a8a-4209-9708-f6ef87e332ab","1","1","2026-08-21T08:12:52.244Z","not good","0",,"https://play.google.com/store/apps/details?id=com.fsn.nykaa&reviewId=1a48c9d4-7a8a-4209-9708-f6ef87e332ab","https://play-lh.googleusercontent.com/a/ACg8ocI5VXsghUeIoYY4j6xZ9R8kskfZt-0akP7YewjBHKcR-uQe0w=mo","Shipra Devpura","4.0.4"
"com.fsn.nykaa",,"2026-08-19T03:32:16.343Z","2026-08-19T03:39:28.673Z","Hey Sheba Marbaniang, thank you for taking the time to rate us!","5c1d068e-c921-48ce-aac4-bca33eba1ab9","4","4","2026-08-21T08:12:52.244Z","The best app 👌","0",,"https://play.google.com/store/apps/details?id=com.fsn.nykaa&reviewId=5c1d068e-c921-48ce-aac4-bca33eba1ab9","https://play-lh.googleusercontent.com/a/ACg8ocKBPD0PJiiRrfVB0AaWOv9qyD1WXgCcXXj7OYLlHP6L72pkWw=mo","Sheba Marbaniang","4.0.4"
"com.fsn.nykaa","[{""criteria"":""vaf_never_display_considerate_of_time"",""rating"":1},{""criteria"":""vaf_phase1_selling_items"",""rating"":3},{""criteria"":""vaf_browsing_images"",""rating"":1}]","2026-08-19T01:37:13.789Z","2026-08-19T01:44:43.992Z","Hi Bijita Das, we request you to please email us at support@nykaa.com with your concerns so that we can have them addressed for you.","39679c2d-506c-47d0-8321-1bb82ae8339c","1","1","2026-08-21T08:12:52.244Z","their customer service is pathetic. I order a Moi perfume which was completely spilled and bottle was empty when I unpacked. I raised concern ,however no action was taken.Neither i got areplacement nor a refund.I am never buying from Nykaa again","0",,"https://play.google.com/store/apps/details?id=com.fsn.nykaa&reviewId=39679c2d-506c-47d0-8321-1bb82ae8339c","https://play-lh.googleusercontent.com/a-/ALV-UjWNfcIlEfz4welQDqssBszGvYUkDY8Zs_rWxXbHPsj9C-uxqlrv0Q","Bijita Das","4.0.4"
"com.fsn.nykaa",,"2026-08-19T01:21:35.625Z","2026-08-19T01:27:00.377Z","Hi Jamuna Devi, we are grateful for your feedback and will continue to strive to provide our customers with the highest quality of service and products. Keep exploring!","db02efd3-f716-45b9-aad8-889766279b12","4","4","2026-08-21T08:12:52.244Z","amazing","0",,"https://play.google.com/store/apps/details?id=com.fsn.nykaa&reviewId=db02efd3-f716-45b9-aad8-889766279b12","https://play-lh.googleusercontent.com/a/ACg8ocKfE2r2Z53UY74f2cZzcRr5072O42t9jeu7k02V-jaezH7RIg=mo","Jamuna Devi","4.0.4"
"com.fsn.nykaa",,"2026-08-19T01:16:49.499Z","2026-08-19T01:23:57.274Z","Hey Mithun Harijan, thank you for taking the time to rate us!","3cceeea4-004b-46ca-bc59-02b476a5f38c","5","5","2026-08-21T08:12:52.244Z","nice product","0",,"https://play.google.com/store/apps/details?id=com.fsn.nykaa&reviewId=3cceeea4-004b-46ca-bc59-02b476a5f38c","https://play-lh.googleusercontent.com/a/ACg8ocIgxu_X8H6EKu-VIwBcUIq_sp74Wcesbxx9vNdCz10fusCRkQ=mo","Mithun Harijan","4.0.3"
"com.fsn.nykaa",,"2026-08-19T00:41:44.892Z","2026-08-19T04:02:42.850Z","Hey, thank you for taking the time to share your feedback. Happy shopping!!

","e58dcefc-1ddc-473e-a849-03c9ee40efdd","5","5","2026-08-21T08:12:52.244Z","very useful app","0",,"https://play.google.com/store/apps/details?id=com.fsn.nykaa&reviewId=e58dcefc-1ddc-473e-a849-03c9ee40efdd","https://play-lh.googleusercontent.com/a/ACg8ocI8Z9HFMQSUSws0CBSXmOzgIpTwUALVxRFG6-OtRSX03-I6_w=mo","Bishnupriya Swain","4.0.4"
"com.fsn.nykaa",,"2026-08-18T22:25:19.657Z","2026-08-19T04:03:22.430Z","Hey, thank you for taking the time to share your feedback. Happy shopping!!

","0f8642da-d39a-405e-a1f9-09dcb56378e8","5","5","2026-08-21T08:12:52.244Z","Worth it ....go for it 👍","0",,"https://play.google.com/store/apps/details?id=com.fsn.nykaa&reviewId=0f8642da-d39a-405e-a1f9-09dcb56378e8","https://play-lh.googleusercontent.com/a/ACg8ocKP5rIDkaTUpShjThXTTu6dOm3CPHVBqXMEo-fKqCM0dx79BAkm=mo","Anshu Dwivedi","4.0.4"
"com.fsn.nykaa",,"2026-08-18T22:02:52.175Z","2026-08-18T22:08:15.177Z","Hi Sakib Suhail, we are grateful for your feedback and will continue to strive to provide our customers with the highest quality of service and products. Keep exploring!","c4ad5ae6-15b8-4a4f-923c-4b3511f08ed6","5","5","2026-08-21T08:12:52.244Z","good 👍","0",,"https://play.google.com/store/apps/details?id=com.fsn.nykaa&reviewId=c4ad5ae6-15b8-4a4f-923c-4b3511f08ed6","https://play-lh.googleusercontent.com/a/ACg8ocKbuGRZpmoFLu9rXARks2uorF5QtRgoSGpGRgaA9Hq4UQu1Rg=mo","Sakib Suhail","4.0.3"
"com.fsn.nykaa","[{""criteria"":""vaf_app_quality_performance"",""rating"":2},{""criteria"":""vaf_phase1_loyalty_program"",""rating"":2},{""criteria"":""vaf_app_quality_ads_frequency"",""rating"":1}]","2026-08-18T20:33:38.698Z","2026-08-19T04:03:40.522Z","Hi, we would not want any of our customers to feel this way. We'd like to know what went wrong and help you with it. Can you please mail us  at support@nykaa.com so that we can have this addressed for you.

","c9298c92-0e4d-4a02-8613-4e665fb8ad61","1","1","2026-08-21T08:12:52.244Z","it has been one week yet my order has not been delivered","0",,"https://play.google.com/store/apps/details?id=com.fsn.nykaa&reviewId=c9298c92-0e4d-4a02-8613-4e665fb8ad61","https://play-lh.googleusercontent.com/a/ACg8ocI2sfXrF9Jqi1CmQiNwLh4AiUuS-TOXTeTZblwOsw2f9nHqxA=mo","yogesh kewalramani","4.0.4"
"com.fsn.nykaa",,"2026-08-18T20:21:19.600Z","2026-08-18T20:28:06.266Z","Hi arya Shree! We are sorry to hear about this. Please highlight this concern to us at support@nykaa.com, so the team can assist you with this.","5e4ef8fa-2338-4216-8096-0ee9d018c11c","1","1","2026-08-21T08:12:52.244Z","I have never experienced such bad customer support, Nykaa you need to look into your back end and front end team, My order was cancelled twice because of the failure of your Service provider so do better","0",,"https://play.google.com/store/apps/details?id=com.fsn.nykaa&reviewId=5e4ef8fa-2338-4216-8096-0ee9d018c11c","https://play-lh.googleusercontent.com/a-/ALV-UjW3mS0uMNVK081KH-7AStrBoziORyYd1-FiKWAsyp4Krk9yg95e","arya Shree","4.0.3"
"com.fsn.nykaa","[{""criteria"":""vaf_app_quality_performance"",""rating"":2},{""criteria"":""vaf_app_quality_visual_appeal"",""rating"":3},{""criteria"":""vaf_app_quality_battery_heat"",""rating"":2}]","2026-08-18T20:14:44.795Z","2026-08-19T04:03:53.186Z","Hi, we would not want any of our customers to feel this way. We'd like to know what went wrong and help you with it. Can you please mail us  at support@nykaa.com so that we can have this addressed for you.

","8e60c84e-fab6-444d-90c2-661664f531f6","1","1","2026-08-21T08:12:52.244Z","Extremely disappointing delivery service. My order was due on 17 August, and after multiple complaints, I was assured it would arrive by 18 August. It still hasn’t. The delivery was marked unsuccessful claiming the agent couldn’t reach me, despite no call or communication. The same address has worked for my previous Nykaa orders and other deliveries. I needed these products for a function on 20 August, so these repeated delays and false assurances have made the order useless.","0",,"https://play.google.com/store/apps/details?id=com.fsn.nykaa&reviewId=8e60c84e-fab6-444d-90c2-661664f531f6","https://play-lh.googleusercontent.com/a/ACg8ocKxepqRV89RaqMTFthKObUybm771G9-cesBsbF1Lzp6KpOALQ=mo","Niya Treasa",
"com.fsn.nykaa",,"2026-08-18T19:42:45.404Z","2026-08-18T19:49:30.250Z","Hey Anita Mangar, thank you for taking the time to rate us!","1a8a9efb-13b8-40cd-87ee-1d97cb61dbf2","5","5","2026-08-21T08:12:52.245Z","very nice product","0",,"https://play.google.com/store/apps/details?id=com.fsn.nykaa&reviewId=1a8a9efb-13b8-40cd-87ee-1d97cb61dbf2","https://play-lh.googleusercontent.com/a-/ALV-UjVeYOxflA3RdassgdFwUEp8ekGsaK8EKv5802EFxp6cvc7oMKg","Anita Mangar","4.0.4"
"com.fsn.nykaa",,"2026-08-18T19:29:37.000Z","2026-08-18T19:34:24.196Z","Hi Manjita Mandal, we are grateful for your feedback and will continue to strive to provide our customers with the highest quality of service and products. Keep exploring!","d5dca641-57c2-4e1c-b450-5a219ecaf4e9","5","5","2026-08-21T08:12:52.245Z","love 💕","0",,"https://play.google.com/store/apps/details?id=com.fsn.nykaa&reviewId=d5dca641-57c2-4e1c-b450-5a219ecaf4e9","https://play-lh.googleusercontent.com/a-/ALV-UjXiehmQZnb4rWUhGETkpncS_KahmhMilUAP0fyf9SSFI8nfKdsy","Manjita Mandal","4.0.4"
"com.fsn.nykaa",,"2026-08-18T19:28:00.882Z","2026-08-19T04:12:04.886Z","Hi! Thank you for showing your love. Keep exploring!!","c91a3b57-a810-4088-b7c6-de96b580a339","2","2","2026-08-21T08:12:52.245Z","👍","0",,"https://play.google.com/store/apps/details?id=com.fsn.nykaa&reviewId=c91a3b57-a810-4088-b7c6-de96b580a339","https://play-lh.googleusercontent.com/a/ACg8ocIunUGTvadicwlELcYmpsNI1730Qu044G6J2TRAubR7Ss-JMw=mo","Amit Agrawal","4.0.4"
"com.fsn.nykaa",,"2026-08-18T18:52:44.830Z","2026-08-18T18:58:15.903Z","Hi Swarup Patra, we are grateful for your feedback and will continue to strive to provide our customers with the highest quality of service and products. Keep exploring!","359c44e1-7acb-4a31-a965-f09f79c5817b","5","5","2026-08-21T08:12:52.245Z","awesome","0",,"https://play.google.com/store/apps/details?id=com.fsn.nykaa&reviewId=359c44e1-7acb-4a31-a965-f09f79c5817b","https://play-lh.googleusercontent.com/a/ACg8ocKe8zqhp8HCzpPzK7Q4yzeJxS9fNDpqyhQ1LrwLcJarr-CUIgQ=mo","Swarup Patra",
"com.fsn.nykaa",,"2026-08-18T18:34:31.828Z","2026-08-19T04:12:21.785Z","Hi! Thank you for showing your love. Keep exploring!!","28b2ad71-7849-46c1-98b7-85e5dbb266df","5","5","2026-08-21T08:12:52.245Z","good but prices are high","0",,"https://play.google.com/store/apps/details?id=com.fsn.nykaa&reviewId=28b2ad71-7849-46c1-98b7-85e5dbb266df","https://play-lh.googleusercontent.com/a/ACg8ocIvtpHCWPQvp3DI26U--aNhvyLabQY1mUNgrymy0v5eB5jZvg=mo","Rama Tulasi Mutyala","4.0.4"
"com.fsn.nykaa",,"2026-08-18T18:28:02.506Z","2026-08-18T18:34:08.140Z","Hey SHREYA Katiyar, your feedback means a lot to us. We're committed to continuously bringing you products and services that will keep you thrilled. Keep exploring and happy shopping!","1078dc46-3fc6-44d3-90f0-f44847a75997","4","4","2026-08-21T08:12:52.245Z","best app","0",,"https://play.google.com/store/apps/details?id=com.fsn.nykaa&reviewId=1078dc46-3fc6-44d3-90f0-f44847a75997","https://play-lh.googleusercontent.com/a/ACg8ocKv-JiOtmiWqq2Vc3sxdA9LLtygdceiE_jWfeZTVvdphNZm8Y0=mo","SHREYA Katiyar","4.0.3"
"com.fsn.nykaa",,"2026-08-18T18:13:23.441Z","2026-08-19T04:12:46.920Z","Hi! Thank you for showing your love. Keep exploring!!","2a333813-fc82-45eb-ba06-1e71d80a0913","1","1","2026-08-21T08:12:52.245Z","good","1",,"https://play.google.com/store/apps/details?id=com.fsn.nykaa&reviewId=2a333813-fc82-45eb-ba06-1e71d80a0913","https://play-lh.googleusercontent.com/a-/ALV-UjU2-aT3VlcOjfkwfwDP6uUZVAa3AqX5bDX9uuC9nQrNm4kw0Tqe","Khatija Banoo","4.0.4"
"com.fsn.nykaa",,"2026-08-18T18:09:05.717Z","2026-08-19T04:13:13.900Z","Hi! Thank you for showing your love. Keep exploring!!","738147d7-8059-4e15-98d5-ac85d2d4cbdd","5","5","2026-08-21T08:12:52.245Z","👍 👍 👍 👍","0",,"https://play.google.com/store/apps/details?id=com.fsn.nykaa&reviewId=738147d7-8059-4e15-98d5-ac85d2d4cbdd","https://play-lh.googleusercontent.com/a/ACg8ocLOAiIZPCQakqM-6PQHDJ-TZsJEQMiVFkGwKf6jzWBRYxTOdw=mo","Mayalu Anjal Xettri","4.0.4"
"com.fsn.nykaa","[{""criteria"":""vaf_app_quality_battery_heat"",""rating"":1},{""criteria"":""vaf_app_quality_battery_efficiency"",""rating"":2},{""criteria"":""vaf_phase1_loyalty_program"",""rating"":2}]","2026-08-18T17:54:14.386Z","2026-08-19T04:10:25.242Z","Hey, this is not how we would like you to feel about us. We request you email us at support@nykaa.com with your order details so that we can have this addressed for you.","9f697119-855a-4ce9-acee-3aa862cb61fa","1","1","2026-08-21T08:12:52.245Z","order is not coming not after 11 days","0",,"https://play.google.com/store/apps/details?id=com.fsn.nykaa&reviewId=9f697119-855a-4ce9-acee-3aa862cb61fa","https://play-lh.googleusercontent.com/a/ACg8ocKwkBVpb66dSkCFpP9kBw_n6L9bux-XCue8wdQ4GNOADMAfHg=mo","Seema","4.0.4"
"com.fsn.nykaa",,"2026-08-18T17:53:57.107Z","2026-08-18T18:00:26.465Z","Hey Jagruti Sakhalkar, we regret to hear this, we'd like to know what went wrong and help you with it. We request you to email us at support@nykaa.com with your order details so that we can have this addressed for you.","e023c272-952c-4a77-b371-18dd512f23ea","1","1","2026-08-21T08:12:52.245Z","The pathetic service I ordered on 2nd Aug by mistakenly on the wrong address immediately I tried to change address but unable to do so. hence, I cancelled the order and I got notification that amount Will be refunded to the source. I waited for 7 days but didn't receive the refund amount I tried to contact the support team through the app, email and call but the same copy paste response. Nykaa is a brand so I didn't expect such behaviour","0",,"https://play.google.com/store/apps/details?id=com.fsn.nykaa&reviewId=e023c272-952c-4a77-b371-18dd512f23ea","https://play-lh.googleusercontent.com/a/ACg8ocJ-cRr9l3pHBaMVPrBvxbB5Ewd14-NnzGO_ZOytrSh6d9EcvN8=mo","Jagruti Sakhalkar",
"com.fsn.nykaa",,"2026-08-18T17:43:30.757Z","2026-08-18T17:48:52.604Z","Hey Puja Kumari, your feedback means a lot to us. We're committed to continuously bringing you products and services that will keep you thrilled. Keep exploring and happy shopping!","d590d5ce-ba12-4eaa-a9e9-a5f82457245f","5","5","2026-08-21T08:12:52.245Z","Awesome app","0",,"https://play.google.com/store/apps/details?id=com.fsn.nykaa&reviewId=d590d5ce-ba12-4eaa-a9e9-a5f82457245f","https://play-lh.googleusercontent.com/a-/ALV-UjWfZbUip2Uofxj_aLzIB36GtwLxkueZ0AGtEfB8nU96uICZSPjawA","Puja Kumari","4.0.4"
"com.fsn.nykaa",,"2026-08-18T17:41:43.760Z","2026-08-18T17:48:50.600Z","Hey Pallab Bera, your feedback means a lot to us. We're committed to continuously bringing you products and services that will keep you thrilled. Keep exploring and happy shopping!","a58520e7-3edf-4c68-bca6-f2aabed3ef17","5","5","2026-08-21T08:12:52.245Z","good","0",,"https://play.google.com/store/apps/details?id=com.fsn.nykaa&reviewId=a58520e7-3edf-4c68-bca6-f2aabed3ef17","https://play-lh.googleusercontent.com/a-/ALV-UjXaBRdkQsC0k0cHQknS_yrmWNnPLb_CGFSXI6vEitWwvhOnWeILYA","Pallab Bera","4.0.4"
"com.fsn.nykaa",,"2026-08-18T17:38:12.570Z","2026-08-18T17:45:47.634Z","Hi Vinod Khatri, we are grateful for your feedback and will continue to strive to provide our customers with the highest quality of service and products. Keep exploring!","36ba8e89-7d79-41a3-aa77-9d73fb2125d4","5","5","2026-08-21T08:12:52.245Z","Excellent","0",,"https://play.google.com/store/apps/details?id=com.fsn.nykaa&reviewId=36ba8e89-7d79-41a3-aa77-9d73fb2125d4","https://play-lh.googleusercontent.com/a/ACg8ocJ_67UfI3udvlGmJzQcaTpn7XAj2jxAbOcORt3RbO76vlq53A=mo","Vinod Khatri","4.0.4"
"com.fsn.nykaa",,"2026-08-18T17:33:23.842Z","2026-08-18T17:39:44.735Z","Hey Thenmozhi Sai, your feedback means a lot to us. We're committed to continuously bringing you products and services that will keep you thrilled. Keep exploring and happy shopping!","80c332ab-2e9b-44db-977c-622d3e11d697","5","5","2026-08-21T08:12:52.245Z","Best nykaa, feel comfortable for order and then the same payment for cash on delivery and online payment ❤️","0",,"https://play.google.com/store/apps/details?id=com.fsn.nykaa&reviewId=80c332ab-2e9b-44db-977c-622d3e11d697","https://play-lh.googleusercontent.com/a-/ALV-UjXzgzXoI1V6VBM4mRip0GtcQ8d57JquL7RBlq2lcCTx3EtV6qKm","Thenmozhi Sai","4.0.3"
"com.fsn.nykaa",,"2026-08-18T17:29:41.595Z","2026-08-18T17:36:42.352Z","Hi Rudranil Ghosh, we are grateful for your feedback and will continue to strive to provide our customers with the highest quality of service and products. Keep exploring!","b0ad3f68-0ce1-40e7-a41e-50c9cf0a85a3","5","5","2026-08-21T08:12:52.245Z","excellent 💯","0",,"https://play.google.com/store/apps/details?id=com.fsn.nykaa&reviewId=b0ad3f68-0ce1-40e7-a41e-50c9cf0a85a3","https://play-lh.googleusercontent.com/a-/ALV-UjVshcLwBFL6hJUCGq1mf-NIiffiu6VBYXLhaPy25AHR6-fLOMo","Rudranil Ghosh","4.0.4"
"com.fsn.nykaa",,"2026-08-18T17:17:39.720Z","2026-08-18T17:24:37.246Z","Hey KUMKUM BHATTACHARYYA, thank you for taking the time to rate us!","81fa7e16-b9fa-4033-8734-91e227eab799","5","5","2026-08-21T08:12:52.245Z","nice","0",,"https://play.google.com/store/apps/details?id=com.fsn.nykaa&reviewId=81fa7e16-b9fa-4033-8734-91e227eab799","https://play-lh.googleusercontent.com/a/ACg8ocKSk3aUzlp2eNFj_tf07G8_W-bJmmB_iF3hOjwazdsGSSpj5Q=mo","KUMKUM BHATTACHARYYA","4.0.4"
"com.fsn.nykaa",,"2026-08-18T17:01:33.693Z","2026-08-18T17:06:30.795Z","Hey Ashwini Padave, thank you for taking the time to rate us!","5e04bbf9-47b1-49a9-8a49-51f468930321","5","5","2026-08-21T08:12:52.245Z","good","0",,"https://play.google.com/store/apps/details?id=com.fsn.nykaa&reviewId=5e04bbf9-47b1-49a9-8a49-51f468930321","https://play-lh.googleusercontent.com/a-/ALV-UjXmVQFlbIi6l7fqxBdWrcpJ3sK0E_EF9pBt5i9FvHgkXuqkuTKX","Ashwini Padave","4.0.3"
"com.fsn.nykaa",,"2026-08-18T16:54:46.981Z","2026-08-19T04:13:34.323Z","Hi, we appreciate your wonderful feedback!","99c0cb46-b7ee-4452-90c7-c4e7cc9c764b","5","5","2026-08-21T08:12:52.245Z","thankyou for first offer","0",,"https://play.google.com/store/apps/details?id=com.fsn.nykaa&reviewId=99c0cb46-b7ee-4452-90c7-c4e7cc9c764b","https://play-lh.googleusercontent.com/a-/ALV-UjWoAKbrBiQzl0cJuNAcn88D3f0X4UHoZZFnWIndAy7cH8dwo0Mn","Ashray N.Singh","4.0.4"
"com.fsn.nykaa",,"2026-08-18T16:40:56.379Z","2026-08-18T16:45:02.443Z","Hey CHAITHRA SHETTY, this is not how we would like you to feel about us. Kindly email us at support@nykaa.com with your concerns so that we can have them addressed for you.","43869098-89e1-40c7-86e5-39d58c46f9a9","1","1","2026-08-21T08:12:52.245Z","Worst delivery experience. My prepaid order was promised for 15th and 16th August, but Nykaa keeps extending the delivery date every day and it is now showing 20th August. I ordered these products for a function and the delay has made them almost useless for the purpose they were purchased. This is the second time I have faced the same issue. Very disappointed with the service and lack of accountability.","0",,"https://play.google.com/store/apps/details?id=com.fsn.nykaa&reviewId=43869098-89e1-40c7-86e5-39d58c46f9a9","https://play-lh.googleusercontent.com/a/ACg8ocKcyzfXeOANv3yr8wBTFdRsKVZRyz1Wksf5nx5Xa_bBAZ3g_TM=mo","CHAITHRA SHETTY","4.0.4"
"com.fsn.nykaa",,"2026-08-18T16:36:01.370Z","2026-08-18T16:42:20.654Z","Hi Rihan Khan, we are grateful for your feedback and will continue to strive to provide our customers with the highest quality of service and products. Keep exploring!","c97aea72-501c-471e-ab44-452f0a90684e","5","5","2026-08-21T08:12:52.245Z","good","0",,"https://play.google.com/store/apps/details?id=com.fsn.nykaa&reviewId=c97aea72-501c-471e-ab44-452f0a90684e","https://play-lh.googleusercontent.com/a/ACg8ocK3Oxd2wP1E10nLEJsrGpTYTCwZhc7UfayYt5oUoh9Ka4GUXA=mo","Rihan Khan","4.0.4"
"com.fsn.nykaa",,"2026-08-18T16:15:49.457Z","2026-08-18T16:21:11.608Z","Hey Obaid Farooqui, thank you for taking the time to rate us!","90265cd6-0c48-43be-afe6-ea2b03830ad0","5","5","2026-08-21T08:12:52.245Z","Good","0",,"https://play.google.com/store/apps/details?id=com.fsn.nykaa&reviewId=90265cd6-0c48-43be-afe6-ea2b03830ad0","https://play-lh.googleusercontent.com/a/ACg8ocJWiiahPu7Iu06c6gxgHTkjyaNuQtW8C_LNonOg9wfS2CVXuw=mo","Obaid Farooqui","4.0.4"
"com.fsn.nykaa",,"2026-08-18T15:47:50.759Z","2026-08-19T04:07:41.658Z","Hi, we regret to hear this. We'd like to investigate this further. Kindly write to us via email at support@nykaa.com, so that we can have this addressed for you.","4609e427-fe5c-4890-8e6b-65c2aecd0288","1","1","2026-08-21T08:12:52.245Z","don't buy from here a long period of delivery time","0",,"https://play.google.com/store/apps/details?id=com.fsn.nykaa&reviewId=4609e427-fe5c-4890-8e6b-65c2aecd0288","https://play-lh.googleusercontent.com/a/ACg8ocIDP6on9vMdnuqCt2WcBxYvaEjdPZZJBmONrpTxeq1l5DbYFA=mo","Mark shawn Mark shawn","4.0.4"
"com.fsn.nykaa",,"2026-08-18T15:42:29.613Z","2026-08-19T04:07:12.908Z","Hi, thank you for the rating!","ae1ca747-93bf-4c86-879f-911d64d582c0","5","5","2026-08-21T08:12:52.245Z","abhi product aane ke bad pata chalega","0",,"https://play.google.com/store/apps/details?id=com.fsn.nykaa&reviewId=ae1ca747-93bf-4c86-879f-911d64d582c0","https://play-lh.googleusercontent.com/a/ACg8ocKpZR8ZHl3jl0OpyQRq-35otvjzc5AqiwsaUPgluGzMvOZcow=mo","Sonali kumari Kumari","4.0.4"
"com.fsn.nykaa",,"2026-08-18T15:39:21.360Z","2026-08-18T15:45:00.280Z","Hey sumanpreet Kaur, thank you for taking the time to rate us!","a935db48-1d07-4f4c-9d8b-4f880b03eb01","5","5","2026-08-21T08:12:52.245Z","good","0",,"https://play.google.com/store/apps/details?id=com.fsn.nykaa&reviewId=a935db48-1d07-4f4c-9d8b-4f880b03eb01","https://play-lh.googleusercontent.com/a-/ALV-UjWGbKqujd-HSnCBhM93MUwCfWiA8kH6-BtiQtA2xPhn-sUbvCVk","sumanpreet Kaur","4.0.4"
"com.fsn.nykaa",,"2026-08-18T15:38:02.612Z","2026-08-19T04:06:44.226Z","Hi, we regret to hear this. We'd like to investigate this further. Kindly write to us via email at support@nykaa.com, so that we can have this addressed for you.","6b6cb26c-fb71-45e5-89c8-d0ff6f38ab9a","1","1","2026-08-21T08:12:52.245Z","very disappointed with this app not giving parcel on time and having an excuse a because I use coupon code and they have cancel my order. This app is not good. They did not help the customers . They didn't find the solution about the order . They directly cancelled it without giving me the solution they have their own fault .I order from nykaa for 2nd time but I was worst then the 1st order","0",,"https://play.google.com/store/apps/details?id=com.fsn.nykaa&reviewId=6b6cb26c-fb71-45e5-89c8-d0ff6f38ab9a","https://play-lh.googleusercontent.com/a/ACg8ocJOW7A158YC2DlWwQWZbXgiuBCE-s8EEv6L9Ep8A4O3-EH9fg=mo","Craft World","4.0.4"
"com.fsn.nykaa",,"2026-08-18T15:27:51.702Z","2026-08-18T15:32:56.354Z","Hey Jayee Biswas, your feedback means a lot to us. We're committed to continuously bringing you products and services that will keep you thrilled. Keep exploring and happy shopping!","14b863d0-2a9c-4cbf-aa94-292edb635bfe","4","4","2026-08-21T08:12:52.245Z","good app","0",,"https://play.google.com/store/apps/details?id=com.fsn.nykaa&reviewId=14b863d0-2a9c-4cbf-aa94-292edb635bfe","https://play-lh.googleusercontent.com/a/ACg8ocJnmI0melZeXG4YqyKrXPJIvzbhyBQVlP4wyuixuuLc3K0srw=mo","Jayee Biswas","4.0.4"
"com.fsn.nykaa",,"2026-08-18T15:23:58.135Z","2026-08-18T15:29:53.380Z","Hi Sriram Gopalkrishnan, we are grateful for your feedback and will continue to strive to provide our customers with the highest quality of service and products. Keep exploring!","1609ed89-b2bc-48a4-bc29-299d1ad378f5","5","5","2026-08-21T08:12:52.245Z","good products, good offer, is it browse,","0",,"https://play.google.com/store/apps/details?id=com.fsn.nykaa&reviewId=1609ed89-b2bc-48a4-bc29-299d1ad378f5","https://play-lh.googleusercontent.com/a-/ALV-UjWPbdiK9rCTQHh0CrDvQGpDlQTddca5gmK8y3XLyyS3NsnPx27F","Sriram Gopalkrishnan","4.0.4"
"com.fsn.nykaa",,"2026-08-18T15:20:21.892Z","2026-08-19T04:06:19.507Z","Hi, we regret to hear this. We'd like to investigate this further. Kindly write to us via email at support@nykaa.com, so that we can have this addressed for you.","d44327f4-f0e3-4f03-aa20-9859888e9ab0","3","3","2026-08-21T08:12:52.245Z","very good app ,nice and trustworthy but there dilivery services like with shadowfox is so frustrating , shadow foz never dilevers on time , dilever parcels like somwthing at 9 pm which is not an appropriate time , i request nykaa to change there dievery company","0",,"https://play.google.com/store/apps/details?id=com.fsn.nykaa&reviewId=d44327f4-f0e3-4f03-aa20-9859888e9ab0","https://play-lh.googleusercontent.com/a-/ALV-UjVPP8AUPnO2o7EdIJcWWyd_hAr6KFmSeA37dJOA_qdg7PwUG1Zp","Dishu",
"com.fsn.nykaa",,"2026-08-18T15:11:49.675Z","2026-08-19T04:05:37.538Z","Hi, thank you for the amazing feedback!","045c565f-4edf-4bd7-9bba-ac23450ca50b","1","1","2026-08-21T08:12:52.245Z","good","0",,"https://play.google.com/store/apps/details?id=com.fsn.nykaa&reviewId=045c565f-4edf-4bd7-9bba-ac23450ca50b","https://play-lh.googleusercontent.com/a/ACg8ocIVDulcl0QAvWhcTxob2Y3pE1BOFZlZixyUvt6r6Q0fUUckig=mo","Muskan Rajput","4.0.4"
"com.fsn.nykaa",,"2026-08-18T15:11:10.659Z","2026-08-18T15:17:47.108Z","Hey Kiran Rana, thank you for taking the time to rate us!","40275da4-7f9a-45cd-a906-062f498cb88e","4","4","2026-08-21T08:12:52.245Z","Good","0",,"https://play.google.com/store/apps/details?id=com.fsn.nykaa&reviewId=40275da4-7f9a-45cd-a906-062f498cb88e","https://play-lh.googleusercontent.com/a/ACg8ocIMRjTYhtrpsKZNEtCYe-BpH-oh-9QsJZiqut2lgjIcbTkkCQ=mo","Kiran Rana","4.0.4"
"com.fsn.nykaa","[{""criteria"":""vaf_app_quality_battery_efficiency"",""rating"":3},{""criteria"":""vaf_app_quality_performance"",""rating"":2},{""criteria"":""vaf_app_quality_ads_intrusiveness"",""rating"":3}]","2026-08-18T15:04:59.636Z","2026-08-18T15:11:41.271Z","Hey Dipanjali Baliarsingh, we regret to hear this, we'd like to know what went wrong and help you with it. We request you to email us at support@nykaa.com with your order details so that we can have this addressed for you.","604d2170-1ae2-4b59-9587-62ceafa5fe32","1","1","2026-08-21T08:12:52.245Z","the worst aap i ever used , I had ordered something i did not receive yet it's been 15 days and there have been no cancellation option i wasted my money i tried to call out the customer support but they also did not respond to me like seriously if you can't provide the product why are you showing that . it's really scammed me","0",,"https://play.google.com/store/apps/details?id=com.fsn.nykaa&reviewId=604d2170-1ae2-4b59-9587-62ceafa5fe32","https://play-lh.googleusercontent.com/a/ACg8ocIZY8zQzoFWOFR3ogo1JQOVRNStqWQDk2ahK0AhYl1dBQS-Ow=mo","Dipanjali Baliarsingh",
"com.fsn.nykaa",,"2026-08-18T15:02:55.342Z","2026-08-19T04:05:17.201Z","Hi, thank you for the amazing feedback!","f65b1e78-cc77-475b-8a84-78fa51676918","3","3","2026-08-21T08:12:52.245Z","good","0",,"https://play.google.com/store/apps/details?id=com.fsn.nykaa&reviewId=f65b1e78-cc77-475b-8a84-78fa51676918","https://play-lh.googleusercontent.com/a/ACg8ocJE0JjOyzvA-3gIoqKLzuvNfrLnhoj596mMhjDrL_0By7TTWA=mo","Muskaan Dubey","4.0.4"
"com.fsn.nykaa",,"2026-08-18T14:53:29.312Z","2026-08-18T14:59:41.656Z","Hey Koyel Halder, thank you for taking the time to rate us!","10db79c2-ee6b-4b5c-8766-44b6d7dfa320","5","5","2026-08-21T08:12:52.245Z","I love Nykaa Shopping app","0",,"https://play.google.com/store/apps/details?id=com.fsn.nykaa&reviewId=10db79c2-ee6b-4b5c-8766-44b6d7dfa320","https://play-lh.googleusercontent.com/a-/ALV-UjWhrfq7XMwYpdaGyS1Go8cl6eb-sZS6nvtTVWdidYmnGHNr6qs_Fg","Koyel Halder","4.0.4"
"com.fsn.nykaa",,"2026-08-18T14:31:19.242Z","2026-08-18T14:33:02.988Z","Hi, we appreciate your wonderful feedback! 💖","253f5336-b756-400e-8d72-c0989ef3edc9","3","3","2026-08-21T08:12:52.245Z","best","0",,"https://play.google.com/store/apps/details?id=com.fsn.nykaa&reviewId=253f5336-b756-400e-8d72-c0989ef3edc9","https://play-lh.googleusercontent.com/a/ACg8ocIeuGa-mrBNwnBVhBRMz2n41GZMu8Pl--dNE4pc1WaMB3nDVg=mo","Kajalbhuva Kajelbhuva","4.0.4"
"com.fsn.nykaa",,"2026-08-18T14:23:23.530Z","2026-08-18T14:29:34.150Z","Hey anju kumari, your feedback means a lot to us. We're committed to continuously bringing you products and services that will keep you thrilled. Keep exploring and happy shopping!","59d6c248-f982-4fa6-bec9-b382eb12f126","5","5","2026-08-21T08:12:52.245Z","good","0",,"https://play.google.com/store/apps/details?id=com.fsn.nykaa&reviewId=59d6c248-f982-4fa6-bec9-b382eb12f126","https://play-lh.googleusercontent.com/a/ACg8ocI5exvMYgAOuXXSuzlMEnxkV5JNClGgpoik5rWkdfqBGfcOHJua=mo","anju kumari","4.0.4"
"com.fsn.nykaa",,"2026-08-18T14:21:22.681Z","2026-08-18T14:26:31.483Z","Hi Surendra Sadanpalli, we are grateful for your feedback and will continue to strive to provide our customers with the highest quality of service and products. Keep exploring!","ec0dbc5a-1649-4fe1-bd35-8d808d2c261e","4","4","2026-08-21T08:12:52.245Z","nice","0",,"https://play.google.com/store/apps/details?id=com.fsn.nykaa&reviewId=ec0dbc5a-1649-4fe1-bd35-8d808d2c261e","https://play-lh.googleusercontent.com/a/ACg8ocInv-HZYEcOVhAEz-s6qSzJ4E-TWhts9s5KUTp2eTdN7zLnzA=mo","Surendra Sadanpalli","4.0.4"
"com.fsn.nykaa",,"2026-08-18T14:08:20.900Z","2026-08-18T14:14:26.569Z","Hey shantha durai, thank you for taking the time to rate us!","bf7b4f4b-2946-4a3d-a004-ab11e04fe57f","5","5","2026-08-21T08:12:52.245Z","good","0",,"https://play.google.com/store/apps/details?id=com.fsn.nykaa&reviewId=bf7b4f4b-2946-4a3d-a004-ab11e04fe57f","https://play-lh.googleusercontent.com/a/ACg8ocLJg6u8qhbPpOIH2bKjIHtg-GsyqUpvCW-bzNYBAZ4xLYEq_Q=mo","shantha durai","4.0.4"
"com.fsn.nykaa",,"2026-08-18T14:02:56.269Z","2026-08-19T04:04:47.596Z","Hi, we regret to hear this. We'd like to investigate this further. Kindly write to us via email at support@nykaa.com, so that we can have this addressed for you.","80705711-c1a9-4544-8250-c3b3cadfb76c","1","1","2026-08-21T08:12:52.245Z","they are frauding with the people i ordered mauve opera shade and they sent me smashing red shade after that I request to return this they cancel my request","0",,"https://play.google.com/store/apps/details?id=com.fsn.nykaa&reviewId=80705711-c1a9-4544-8250-c3b3cadfb76c","https://play-lh.googleusercontent.com/a/ACg8ocKwyiH-r4BTY1WS1FY4ZWQexpagS1inck7VQiFJmoeZt4ZKaA=mo","Priyanka Rana",
"com.fsn.nykaa",,"2026-08-18T13:53:27.844Z","2026-08-18T13:59:21.165Z","Hi Bukhari Sahil, we are grateful for your feedback and will continue to strive to provide our customers with the highest quality of service and products. Keep exploring!","44a46550-4928-442c-9894-88fe82b2eafd","4","4","2026-08-21T08:12:52.245Z","best product","0",,"https://play.google.com/store/apps/details?id=com.fsn.nykaa&reviewId=44a46550-4928-442c-9894-88fe82b2eafd","https://play-lh.googleusercontent.com/a-/ALV-UjVhLZ1ipFpTpWrWGT2U5eKz6ZwnR-4FvWR2OPxQkIiLmdFkqzA","Bukhari Sahil","4.0.4"
"com.fsn.nykaa",,"2026-08-18T13:37:44.575Z","2026-08-18T13:42:01.738Z","Hi, we appreciate your wonderful feedback! 💖","8651af4d-ac8a-4f51-8d72-5b4e924c39ff","3","3","2026-08-21T08:12:52.245Z","great","0",,"https://play.google.com/store/apps/details?id=com.fsn.nykaa&reviewId=8651af4d-ac8a-4f51-8d72-5b4e924c39ff","https://play-lh.googleusercontent.com/a-/ALV-UjUBrd48P9uGLntuvpg_mp2LbnMFKiTNpp_Pbe8aRkaC-d8suCI","Shahana Perween","4.0.4"
"com.fsn.nykaa",,"2026-08-18T13:36:42.612Z","2026-08-18T13:42:52.172Z","Hi, we appreciate your wonderful feedback! 💖","af86558d-ef6e-404d-aaef-76399c723c68","4","4","2026-08-21T08:12:52.245Z","nice","0",,"https://play.google.com/store/apps/details?id=com.fsn.nykaa&reviewId=af86558d-ef6e-404d-aaef-76399c723c68","https://play-lh.googleusercontent.com/a/ACg8ocLO9q0odDnst-oc0_v_ppoy2wdjzcy7fNtdrbMtDUHJhVC9uA=mo","Rita Yadav","3.9.8"
"com.fsn.nykaa",,"2026-08-18T13:34:46.463Z","2026-08-18T13:43:45.556Z","Hi, we appreciate your wonderful feedback! 💖","32c9fa38-85cb-42ba-8589-9a7b1fcab23a","3","3","2026-08-21T08:12:52.245Z","good","0",,"https://play.google.com/store/apps/details?id=com.fsn.nykaa&reviewId=32c9fa38-85cb-42ba-8589-9a7b1fcab23a","https://play-lh.googleusercontent.com/a-/ALV-UjWWDzZUMN_bxQGi7YHxjMMD8TuMLAzVRmpxt6RWKzt-lKF5qiJ0","Shailza Sengar","4.0.4"
"com.fsn.nykaa","[{""criteria"":""vaf_app_quality_visual_appeal"",""rating"":2},{""criteria"":""vaf_app_quality_usability"",""rating"":2}]","2026-08-18T13:24:47.310Z","2026-08-18T13:31:45.847Z","Hey Ganesan Nagarajan, this is not how we would like you to feel about us. Kindly email us at support@nykaa.com with your concerns so that we can have them addressed for you.","9b800fe0-1328-48a5-9a28-e272df2715c5","1","1","2026-08-21T08:12:52.245Z","fraud app....I ordered a product last week, but I received a different one. I tried to return it, but there has been no response.","0",,"https://play.google.com/store/apps/details?id=com.fsn.nykaa&reviewId=9b800fe0-1328-48a5-9a28-e272df2715c5","https://play-lh.googleusercontent.com/a/ACg8ocLCF65Zp2vHm-pVVYdM4Pnbl3E5nWXQNc655OPb78Sp7K8Mu6g=mo","Ganesan Nagarajan",
"com.fsn.nykaa",,"2026-08-18T13:01:53.801Z","2026-08-18T13:03:35.157Z","Hi, we appreciate your wonderful feedback! 💖","1dfe175d-1eb0-42dd-aa42-ed448f1386c0","4","4","2026-08-21T08:12:52.245Z","great apps to purchase any product","0",,"https://play.google.com/store/apps/details?id=com.fsn.nykaa&reviewId=1dfe175d-1eb0-42dd-aa42-ed448f1386c0","https://play-lh.googleusercontent.com/a-/ALV-UjVQuWvWTCzAfcREx9kAnxRaJp96xScsugl5p9oZOvpX8e4XvBtmuw","Priti Roy chowdhury","4.0.4"
"com.fsn.nykaa",,"2026-08-18T12:54:39.342Z","2026-08-18T13:01:35.910Z","Hey Ambika Chettri, thank you for taking the time to rate us!","e1ee5c84-5078-4157-808e-3ec5183fbe05","4","4","2026-08-21T08:12:52.245Z","good","0",,"https://play.google.com/store/apps/details?id=com.fsn.nykaa&reviewId=e1ee5c84-5078-4157-808e-3ec5183fbe05","https://play-lh.googleusercontent.com/a-/ALV-UjUS94jq-nhvgXAgicyGnlemKgy_1bQKDZR2iTa6vXBjv7EESiBG","Ambika Chettri","4.0.4"
"com.fsn.nykaa",,"2026-08-18T12:25:17.443Z","2026-08-18T12:31:16.664Z","Hey Anjana Pandey singh, your feedback means a lot to us. We're committed to continuously bringing you products and services that will keep you thrilled. Keep exploring and happy shopping!","1169e904-a476-43c0-b380-0b6303478b46","5","5","2026-08-21T08:12:52.245Z","best app","0",,"https://play.google.com/store/apps/details?id=com.fsn.nykaa&reviewId=1169e904-a476-43c0-b380-0b6303478b46","https://play-lh.googleusercontent.com/a/ACg8ocJCQ1KeAIfYfp7s7dv68xYqSRokLcc6bZIp5VbEN6AJ8JmV_w=mo","Anjana Pandey singh","4.0.4"
"com.fsn.nykaa",,"2026-08-18T12:17:39.434Z","2026-08-18T12:26:10.663Z","Hi, we would not want any of our customers to feel this way. We'd like to know what went wrong and help you with it. Can you please mail us  at support@nykaa.com so that we can have this addressed for you.
","eeb48291-9f9c-4cd9-924d-9cda7c45a8da","1","1","2026-08-21T08:12:52.245Z","bht bkwaash app h. order kiya hua 15 din ho gye aaj tk aaya nhi or refund bhi nhi kr rhe na cancel kr rhe h kitne calls kr chuki hu customer care ko bolte h hm priority me le rhe h aapka order ko ya cancellation ticket raise kr diya h lekin kuchh update ho hi nhi rha app me or ek baar or call ki thi to 10 min. ke liye hold pe call daal diya tha inlogo ne bht khrb service h in logo ki koi saaman Mt lo inse ye koi action nhi lete Khali baat krenge to aise dikhayenge jaise kitni care h inko hmaari","0",,"https://play.google.com/store/apps/details?id=com.fsn.nykaa&reviewId=eeb48291-9f9c-4cd9-924d-9cda7c45a8da","https://play-lh.googleusercontent.com/a/ACg8ocLtK2hOjF07hmyz1L6mQJ_IO-t9vESmL8IwBV5_RQqzYjLS_nQx=mo","ANSHU SHARMA","4.0.4"
"com.fsn.nykaa",,"2026-08-18T11:59:49.297Z","2026-08-18T12:06:50.250Z","Hey Rekha Sonkar, thank you for taking the time to rate us!","03901491-8fa0-4e8d-9297-cb0a68fb1a8a","5","5","2026-08-21T08:12:52.245Z","good 😊💗💗💗","0",,"https://play.google.com/store/apps/details?id=com.fsn.nykaa&reviewId=03901491-8fa0-4e8d-9297-cb0a68fb1a8a","https://play-lh.googleusercontent.com/a/ACg8ocL6eqzFBftp-jiDxbVmJJE3GYdyl5A_qbI5D97hRmNmcAeekQ=mo","Rekha Sonkar",
"com.fsn.nykaa",,"2026-08-18T11:52:52.591Z","2026-08-18T11:56:09.100Z","Hey, thank you for taking the time to share your feedback. Happy shopping!!

","8566cccd-a1a4-456b-929c-889126004230","5","5","2026-08-21T08:12:52.245Z","Awesome 😎","0",,"https://play.google.com/store/apps/details?id=com.fsn.nykaa&reviewId=8566cccd-a1a4-456b-929c-889126004230","https://play-lh.googleusercontent.com/a-/ALV-UjUEXCEuP2acTX9xWOk23kEsFI0JAj1vHubd66LuOz9S6xKBj9iUQg","Pooja Varia","4.0.4"
"com.fsn.nykaa",,"2026-08-18T11:51:29.872Z","2026-08-18T11:56:33.174Z","Hi, we would not want any of our customers to feel this way. We'd like to know what went wrong and help you with it. Can you please mail us  at support@nykaa.com so that we can have this addressed for you.
","b556e883-4cfa-4e37-8975-aaf8e848d024","1","1","2026-08-21T08:12:52.245Z","App is good would get the product fast but the service is bad. Not doing what customer is saying.","0",,"https://play.google.com/store/apps/details?id=com.fsn.nykaa&reviewId=b556e883-4cfa-4e37-8975-aaf8e848d024","https://play-lh.googleusercontent.com/a/ACg8ocLbGdsrVmAIf-1pV_tsZYxhWF96i4drsW-TEA8TGXe8pjscbw=mo","Ifza Sharaf","4.0.4"
"com.fsn.nykaa",,"2026-08-18T11:49:53.755Z","2026-08-18T11:55:54.330Z","Hey, thank you for taking the time to share your feedback. Happy shopping!!

","6b627a39-433a-4215-b8b3-5c64ddf5b458","3","3","2026-08-21T08:12:52.245Z","👍🏻🙂 nice 🥰🥰🥰🥰🥰🥰","0",,"https://play.google.com/store/apps/details?id=com.fsn.nykaa&reviewId=6b627a39-433a-4215-b8b3-5c64ddf5b458","https://play-lh.googleusercontent.com/a/ACg8ocJBU_JTPeal1teWVJql5ExORCrd_W5hZLpiraxcKYz23-AVIw=mo","Nahid Shuaib","4.0.4"
"com.fsn.nykaa",,"2026-08-18T11:33:41.236Z","2026-08-18T11:39:07.984Z","Hey Angel Stella, thank you for taking the time to rate us!","841f3013-8290-4211-90fd-2a7fc9477ed4","5","5","2026-08-21T08:12:52.245Z","nice nyka","0",,"https://play.google.com/store/apps/details?id=com.fsn.nykaa&reviewId=841f3013-8290-4211-90fd-2a7fc9477ed4","https://play-lh.googleusercontent.com/a/ACg8ocJl2HpBPVpKD1_gbCtx4R6y9EbexWcVEGh2EX5K4Ai1a2QaGA=mo","Angel Stella","4.0.4"
"com.fsn.nykaa",,"2026-08-18T11:23:05.249Z","2026-08-18T11:55:35.695Z","Hey, thank you for taking the time to share your feedback. Happy shopping!!

","9573b3c5-7af1-4179-b08c-47527c0fe162","3","3","2026-08-21T08:12:52.245Z","does not give cod somethimes","0",,"https://play.google.com/store/apps/details?id=com.fsn.nykaa&reviewId=9573b3c5-7af1-4179-b08c-47527c0fe162","https://play-lh.googleusercontent.com/a/ACg8ocKsemkVGRVWMzQYwq-9nkmEAXnOb_X3OqGw3RMzgzsCwNckYus=mo","Spoorthi .M","4.0.4"
"com.fsn.nykaa",,"2026-08-18T11:19:08.626Z","2026-08-18T11:24:42.326Z","Hi, we appreciate your wonderful feedback! 💖

","e150bd24-525d-4634-b5d5-cc36ee1ef740","5","5","2026-08-21T08:12:52.245Z","nykaa is my fav one","0",,"https://play.google.com/store/apps/details?id=com.fsn.nykaa&reviewId=e150bd24-525d-4634-b5d5-cc36ee1ef740","https://play-lh.googleusercontent.com/a-/ALV-UjU_mTluFHcFKiLYjQT0FKHOTrgDI_2op6EVFYA5zuVXj-68dSjv","Sangeetha Karthick","4.0.4"
"com.fsn.nykaa",,"2026-08-18T11:09:59.638Z","2026-08-18T11:14:59.656Z","Hi Meera Devi, we are grateful for your feedback and will continue to strive to provide our customers with the highest quality of service and products. Keep exploring!","7d4ff9e7-4a16-4b00-8f6e-67eba8bb2734","5","5","2026-08-21T08:12:52.245Z","best app for makeup and beauty products","0",,"https://play.google.com/store/apps/details?id=com.fsn.nykaa&reviewId=7d4ff9e7-4a16-4b00-8f6e-67eba8bb2734","https://play-lh.googleusercontent.com/a-/ALV-UjUqzQZaEfFjKFyoTzvTL0gmggyXdD1UtMB0M1pG2Q5MbQh7t_uz","Meera Devi","4.0.4"
"com.fsn.nykaa",,"2026-08-18T11:09:25.942Z","2026-08-18T11:14:57.605Z","Hi Rajib Uddin, we are grateful for your feedback and will continue to strive to provide our customers with the highest quality of service and products. Keep exploring!","8df71eb8-c0d5-4868-afb8-7599d2232ed8","5","5","2026-08-21T08:12:52.245Z","good","0",,"https://play.google.com/store/apps/details?id=com.fsn.nykaa&reviewId=8df71eb8-c0d5-4868-afb8-7599d2232ed8","https://play-lh.googleusercontent.com/a/ACg8ocJmz5dApKsajJAawF2EC0h_MMwvvANDFJ6PagiSif8aPnfEAw=mo","Rajib Uddin","4.0.4"
"com.fsn.nykaa",,"2026-08-18T11:04:37.490Z","2026-08-18T11:11:54.305Z","Hey Shaheen Khan, thank you for taking the time to rate us!","d4b8bffc-2e82-41fa-9d7b-4dfb41af2f79","5","5","2026-08-21T08:12:52.245Z","Nice 🙂","0",,"https://play.google.com/store/apps/details?id=com.fsn.nykaa&reviewId=d4b8bffc-2e82-41fa-9d7b-4dfb41af2f79","https://play-lh.googleusercontent.com/a/ACg8ocIwjUnUAamlvztm3DvaEcTFT4JmINQIL_IYZWLzrpjR_ut6SA=mo","Shaheen Khan","4.0.4"
"com.fsn.nykaa",,"2026-08-18T10:54:34.581Z","2026-08-18T10:59:47.156Z","Hey Hemant Gaikwad, your feedback means a lot to us. We're committed to continuously bringing you products and services that will keep you thrilled. Keep exploring and happy shopping!","84781ab9-a666-4aa7-b326-dbe33e616a52","4","4","2026-08-21T08:12:52.245Z","good","0",,"https://play.google.com/store/apps/details?id=com.fsn.nykaa&reviewId=84781ab9-a666-4aa7-b326-dbe33e616a52","https://play-lh.googleusercontent.com/a-/ALV-UjXzDflMJW7KLA0Tpsj6-sLlTULBqG4_S02rmHgzkx4tvoljbQ","Hemant Gaikwad","4.0.4"
"com.fsn.nykaa",,"2026-08-18T10:36:57.459Z","2026-08-18T10:43:35.605Z","Hey Piyali Ghosh, thank you for taking the time to rate us!","e76677c4-dd3f-43d4-aa89-8f3c26c8e830","5","5","2026-08-21T08:12:52.245Z","good","0",,"https://play.google.com/store/apps/details?id=com.fsn.nykaa&reviewId=e76677c4-dd3f-43d4-aa89-8f3c26c8e830","https://play-lh.googleusercontent.com/a/ACg8ocKrTtHgbIuhM7STvxsj_Ti-ISHt8VliF3eSCdRzbYVezAwagA=mo","Piyali Ghosh","4.0.4"
"com.fsn.nykaa",,"2026-08-18T10:31:56.575Z","2026-08-18T11:55:04.800Z","Hey, thank you for taking the time to share your feedback. Happy shopping!!

","ce97c424-7852-4889-b10a-f3d26875bea0","5","5","2026-08-21T08:12:52.245Z","👍","0",,"https://play.google.com/store/apps/details?id=com.fsn.nykaa&reviewId=ce97c424-7852-4889-b10a-f3d26875bea0","https://play-lh.googleusercontent.com/a/ACg8ocIVJTFogAio6JN4EHPpb4lCRZ-tJG4CwbSIz_XeYME0wk5YpA=mo","Violina Dutta","4.0.4"
"com.fsn.nykaa",,"2026-08-18T10:31:17.202Z","2026-08-18T11:54:49.453Z","Hey, thank you for taking the time to share your feedback. Happy shopping!!

","6c39d213-1754-4ca7-953b-37093583aaba","5","5","2026-08-21T08:12:52.245Z","💗","0",,"https://play.google.com/store/apps/details?id=com.fsn.nykaa&reviewId=6c39d213-1754-4ca7-953b-37093583aaba","https://play-lh.googleusercontent.com/a-/ALV-UjWd72blxNe0Qol6BZiCqOoouSX4_kxpr9wnrLnKeccANPtkhNLq","Shruti Wakade",
"com.fsn.nykaa",,"2026-08-18T10:13:54.530Z","2026-08-18T10:18:35.993Z","Hey Yogesh Kumar, we regret to hear this, we'd like to know what went wrong and help you with it. We request you to email us at support@nykaa.com with your order details so that we can have this addressed for you.","9533400b-3694-43d9-8f2c-82ff624437a6","1","1","2026-08-21T08:12:52.245Z","bad delivery and the timing changes everytime.","0",,"https://play.google.com/store/apps/details?id=com.fsn.nykaa&reviewId=9533400b-3694-43d9-8f2c-82ff624437a6","https://play-lh.googleusercontent.com/a/ACg8ocKFRA_XneY2H9Bt63lqraDvII-J6DdgfrwNzYTmrxQELvO_OQ=mo","Yogesh Kumar","4.0.4"
"com.fsn.nykaa",,"2026-08-18T09:58:33.951Z","2026-08-18T11:54:34.966Z","Hey, thank you for taking the time to share your feedback. Happy shopping!!

","17197d4c-63e1-4379-86e3-ffdffdd07723","3","3","2026-08-21T08:12:52.245Z","give discount on first purchase","0",,"https://play.google.com/store/apps/details?id=com.fsn.nykaa&reviewId=17197d4c-63e1-4379-86e3-ffdffdd07723","https://play-lh.googleusercontent.com/a/ACg8ocI8dUusuBooVdqnHgcpuKOW2pmYWahWUiheRV9_MqhRbWTIaA=mo","Seema Kumari","4.0.4"
"com.fsn.nykaa","[{""criteria"":""vaf_app_quality_ads_presence"",""rating"":1},{""criteria"":""vaf_phase1_loyalty_program"",""rating"":3},{""criteria"":""vaf_app_quality_ads_frequency"",""rating"":2}]","2026-08-18T09:35:33.207Z","2026-08-18T09:57:21.921Z","Hi, we would not want any of our customers to feel this way. We'd like to know what went wrong and help you with it. Can you please mail us  at support@nykaa.com so that we can have this addressed for you.
","6c6925b8-d1cb-4587-bb14-98afed9f912c","1","1","2026-08-21T08:12:52.245Z","for an app this huge, they are very irresponsible, slow, and not helpful in assistance. They work really slow. i recently placed an order that was supposed to be delivered in 4-5 days and it's been more than 10 days and i still haven't received it and on top of that the delivery agent's contact is not provided nor the delivery agent contacted me once and they keep rescheduling my order with the reason ""consignee not available"" but not even once did the agent contacted me at all.","0",,"https://play.google.com/store/apps/details?id=com.fsn.nykaa&reviewId=6c6925b8-d1cb-4587-bb14-98afed9f912c","https://play-lh.googleusercontent.com/a-/ALV-UjXMkXg4P6fS4j8-YRjOKYkBzwnaW-6yzM8sF8ALl5fjbaoJULN-Dg","Zade M","4.0.4"
"com.fsn.nykaa",,"2026-08-18T09:25:42.190Z","2026-08-18T09:26:50.724Z","Hi, we appreciate your wonderful feedback! 💖

","e0fd85a0-9252-4213-a044-8845fb0f3243","5","5","2026-08-21T08:12:52.245Z","super","0",,"https://play.google.com/store/apps/details?id=com.fsn.nykaa&reviewId=e0fd85a0-9252-4213-a044-8845fb0f3243","https://play-lh.googleusercontent.com/a-/ALV-UjVWs3EZ0YY2A4ppI_jnK9ept0MEUE3FHdANaS5cMo5rhu9k7j1z","M Poongodi M Poongodi","4.0.4"
"com.fsn.nykaa",,"2026-08-18T09:15:16.506Z","2026-08-18T09:20:17.990Z","Hey preeti patel, thank you for taking the time to rate us!","b5cf2161-872d-43bf-84c2-5a9a0d30916f","5","5","2026-08-21T08:12:52.245Z","good","0",,"https://play.google.com/store/apps/details?id=com.fsn.nykaa&reviewId=b5cf2161-872d-43bf-84c2-5a9a0d30916f","https://play-lh.googleusercontent.com/a/ACg8ocLwdwmB7AViRR_x_XAQsPupp3MecpP7NRc_184eQ2i-U3bXqw=mo","preeti patel","4.0.4"
"com.fsn.nykaa","[{""criteria"":""vaf_app_quality_performance"",""rating"":1}]","2026-08-18T09:06:55.528Z","2026-08-18T09:08:36.214Z","Hey, thank you for taking the time to share your feedback. Happy shopping!!

","8ce37f31-641b-4490-b5f6-a466ea0bd896","5","5","2026-08-21T08:12:52.245Z","nise","0",,"https://play.google.com/store/apps/details?id=com.fsn.nykaa&reviewId=8ce37f31-641b-4490-b5f6-a466ea0bd896","https://play-lh.googleusercontent.com/a-/ALV-UjWJrf67d-WXOfQ-o3PBbq_5q0QwRX4fEla3l-I6Cu5srabw6Eg","Subhojit Ghosh",
"com.fsn.nykaa",,"2026-08-18T09:02:31.237Z","2026-08-18T09:05:42.951Z","Hi, we would not want any of our customers to feel this way. We'd like to know what went wrong and help you with it. Can you please mail us  at support@nykaa.com so that we can have this addressed for you.
","e5d3fc9b-66f8-4aa2-8c09-76f8909aecef","1","1","2026-08-21T08:12:52.245Z","bekar h 8 din se order kiya h online paise bhi kar diye lkinn na paise aaye na order or na hi refund ka option","0",,"https://play.google.com/store/apps/details?id=com.fsn.nykaa&reviewId=e5d3fc9b-66f8-4aa2-8c09-76f8909aecef","https://play-lh.googleusercontent.com/a-/ALV-UjX6ii7lXjo9NWFGRUZk0ei6eyiImgg8_D1_QLo9PxEfE93MnNLa","Deepak Sharma","4.0.4"
"com.fsn.nykaa",,"2026-08-18T08:47:00.714Z","2026-08-18T08:47:37.541Z","Hey, thank you for taking the time to share your feedback. Happy shopping!!

","dc51e281-782f-4628-945f-3c9179d788ca","3","3","2026-08-21T08:12:52.245Z","nice","0",,"https://play.google.com/store/apps/details?id=com.fsn.nykaa&reviewId=dc51e281-782f-4628-945f-3c9179d788ca","https://play-lh.googleusercontent.com/a/ACg8ocJmwhEgz_OAuV5aTZ8DCXa1cCI2YEcfMN3AKFppj-ey_rk-Nw=mo","Shahrukh Khan",
"com.fsn.nykaa",,"2026-08-18T08:22:53.971Z","2026-08-18T08:28:59.352Z","Hi Vanaja Muthukkaruppan, we are grateful for your feedback and will continue to strive to provide our customers with the highest quality of service and products. Keep exploring!","eecee698-5874-4a3c-8646-b4c962f0a997","5","5","2026-08-21T08:12:52.245Z","Good","0",,"https://play.google.com/store/apps/details?id=com.fsn.nykaa&reviewId=eecee698-5874-4a3c-8646-b4c962f0a997","https://play-lh.googleusercontent.com/a/ACg8ocLn7Upuv1hECCIXyQRYnUgBRWTh7Lev4_t5GxflUJE_C649LD8=mo","Vanaja Muthukkaruppan","4.0.4"
"com.fsn.nykaa",,"2026-08-18T08:21:54.933Z","2026-08-18T08:28:57.393Z","Hi Priya.dharshini, we are grateful for your feedback and will continue to strive to provide our customers with the highest quality of service and products. Keep exploring!","5fb303f8-16ef-4723-bd3b-bd64ed71b2de","5","5","2026-08-21T08:12:52.245Z","Nice products with super offer💕","0",,"https://play.google.com/store/apps/details?id=com.fsn.nykaa&reviewId=5fb303f8-16ef-4723-bd3b-bd64ed71b2de","https://play-lh.googleusercontent.com/a-/ALV-UjW6ZMtPED_ji2IHiyfusarulrLIBKXItcu7fWvTUlpmLmUE5b9VAQ","Thilagavathi","4.0.1"
"com.fsn.nykaa",,"2026-08-18T08:05:02.301Z","2026-08-18T08:10:52.690Z","Hi Md altamash Altamash, we are grateful for your feedback and will continue to strive to provide our customers with the highest quality of service and products. Keep exploring!","3d289e31-9fec-4832-bf33-042908799442","5","5","2026-08-21T08:12:52.245Z","best app","0",,"https://play.google.com/store/apps/details?id=com.fsn.nykaa&reviewId=3d289e31-9fec-4832-bf33-042908799442","https://play-lh.googleusercontent.com/a/ACg8ocJ0eUixvi98rqYHzkGXgj-vH-jNZ442UpmXEsT_sQIJVSWubw=mo","Md altamash Altamash","4.0.4"
"com.fsn.nykaa","[{""criteria"":""vaf_app_quality_ads_intrusiveness"",""rating"":2},{""criteria"":""vaf_app_quality_ads_presence"",""rating"":3},{""criteria"":""vaf_app_quality_visual_appeal"",""rating"":2}]","2026-08-18T07:57:03.888Z","2026-08-18T08:03:23.859Z","Hey Sushama Barawade, we regret to hear this, we'd like to know what went wrong and help you with it. We request you to email us at support@nykaa.com with your order details so that we can have this addressed for you.","55249025-c11c-4363-bff8-372aaf566be4","1","1","2026-08-21T08:12:52.245Z","Very Bad Experience with Nykaa Extremely disappointing experience with Nykaa. 4 products were missing from my order, and despite repeated complaints and follow-ups, the issue was not resolved. I was assured of a replacement, but Nykaa cancelled my request without my consent or any valid reason. I paid for the products but received only 2 items. Poor customer service, no accountability, and a complete waste of time. I strongly regret shopping with Nykaa and would not recommend it.","0",,"https://play.google.com/store/apps/details?id=com.fsn.nykaa&reviewId=55249025-c11c-4363-bff8-372aaf566be4","https://play-lh.googleusercontent.com/a/ACg8ocJ-zsm-ANFHwD4YeibeFRZmW1WAy75Ew5kzO5EJaj-FCqlqAw=mo","Sushama Barawade","4.0.4"
"com.fsn.nykaa",,"2026-08-18T07:30:59.885Z","2026-08-18T07:37:18.650Z","Hey AMITA SEN, your feedback means a lot to us. We're committed to continuously bringing you products and services that will keep you thrilled. Keep exploring and happy shopping!","4393ebc0-6be9-49e6-ae22-8b1d3af8a508","5","5","2026-08-21T08:12:52.245Z","good product","0",,"https://play.google.com/store/apps/details?id=com.fsn.nykaa&reviewId=4393ebc0-6be9-49e6-ae22-8b1d3af8a508","https://play-lh.googleusercontent.com/a/ACg8ocILo3UQA5SFj_8BGggg_M6MMYpDhAwU30xlIIsfckq8T0FwwA=mo","AMITA SEN","4.0.4"
"com.fsn.nykaa",,"2026-08-18T07:27:33.351Z","2026-08-18T07:34:16.100Z","Hi Lucky Siddique, we are grateful for your feedback and will continue to strive to provide our customers with the highest quality of service and products. Keep exploring!","8e1e2c09-1fde-4aee-9626-074da3b60676","4","4","2026-08-21T08:12:52.245Z","best offer","0",,"https://play.google.com/store/apps/details?id=com.fsn.nykaa&reviewId=8e1e2c09-1fde-4aee-9626-074da3b60676","https://play-lh.googleusercontent.com/a-/ALV-UjXDqJRa9C2EClZWnGuCQMJOGAleJ49PhT0vriVzb7iHFpi272Gb","Lucky Siddique","4.0.4"
"com.fsn.nykaa",,"2026-08-18T07:22:20.528Z","2026-08-18T07:26:14.281Z","Hey, thank you for taking the time to share your feedback. Happy shopping!!

","204a0fd6-f8fe-47e6-a6fb-29f7867a5745","5","5","2026-08-21T08:12:52.245Z","genuine app and genuine products","0",,"https://play.google.com/store/apps/details?id=com.fsn.nykaa&reviewId=204a0fd6-f8fe-47e6-a6fb-29f7867a5745","https://play-lh.googleusercontent.com/a-/ALV-UjXbrN6ZVZmmwKO5tPLYdyzkb-Ej2J2uEM-MmRNfNIdJId3bBIc","Krishnapriya N U","4.0.4"
"com.fsn.nykaa",,"2026-08-18T07:21:31.326Z","2026-08-18T07:26:29.707Z","Hey, thank you for taking the time to share your feedback. Happy shopping!!

","e92d2944-166f-4574-920e-ba438b7e1236","5","5","2026-08-21T08:12:52.245Z","good aap","0",,"https://play.google.com/store/apps/details?id=com.fsn.nykaa&reviewId=e92d2944-166f-4574-920e-ba438b7e1236","https://play-lh.googleusercontent.com/a-/ALV-UjX2RWM55eLLCCULYMTfL_0bty34_E0n7oMwveFLlGQCYw9VXCA","Mohd ijhaar Khan","4.0.4"
"com.fsn.nykaa",,"2026-08-18T07:07:05.521Z","2026-08-18T07:12:26.628Z","Hey Pooja Gupta, thank you for taking the time to rate us!","5d1ab9d6-e697-4463-95c1-5d9e8cb6e30b","4","4","2026-08-21T08:12:52.245Z","good","0",,"https://play.google.com/store/apps/details?id=com.fsn.nykaa&reviewId=5d1ab9d6-e697-4463-95c1-5d9e8cb6e30b","https://play-lh.googleusercontent.com/a/ACg8ocIOM52Sd98_2kxq-9TMV6NdszXDJPN6-Gz64Kj0WFbQETT0ww=mo","Pooja Gupta","4.0.4"
"com.fsn.nykaa",,"2026-08-18T07:00:09.800Z","2026-08-18T07:26:54.160Z","Hi, we would not want any of our customers to feel this way. We'd like to know what went wrong and help you with it. Can you please mail us  at support@nykaa.com so that we can have this addressed for you.
","c27a8902-a835-4964-8912-9978cce2d52f","1","1","2026-08-21T08:12:52.245Z","it's really disappointing to be writing this review as I've placed my order during the month of July 24 yet the items haven't been delivered which have been already paid.its showing that the item has been in the gauhati warehouse therefore i kindly request to get the item at the earliest or to get refund for the items I have already paid as it's not a small amount of it.Please stop all these nonsense and please do make ur help line valuable for the users","0",,"https://play.google.com/store/apps/details?id=com.fsn.nykaa&reviewId=c27a8902-a835-4964-8912-9978cce2d52f","https://play-lh.googleusercontent.com/a/ACg8ocJB4oeBSrGoInC88w63vEAjvjbP_GSy7ei91bVXWd03C8QiSQ=mo","Asha Kesen",
"com.fsn.nykaa",,"2026-08-18T06:48:07.760Z","2026-08-18T06:54:21.822Z","Hey lalit pradhan, thank you for taking the time to rate us!","1d2bc018-b243-45c3-88b6-5461626a97e7","5","5","2026-08-21T08:12:52.245Z","excellent","0",,"https://play.google.com/store/apps/details?id=com.fsn.nykaa&reviewId=1d2bc018-b243-45c3-88b6-5461626a97e7","https://play-lh.googleusercontent.com/a/ACg8ocKJYz4JuAG-ObSt_9KTxZSkh2GCmPv1jJ63FZDTRnErHvtVAg=mo","lalit pradhan","4.0.4"
"com.fsn.nykaa",,"2026-08-18T06:28:52.486Z","2026-08-18T06:36:37.340Z","Hey, thank you for taking the time to share your feedback. Happy shopping!!

","36b8ec73-5a8a-4f1f-b19c-bd8a80300167","3","3","2026-08-21T08:12:52.245Z","best 👌","0",,"https://play.google.com/store/apps/details?id=com.fsn.nykaa&reviewId=36b8ec73-5a8a-4f1f-b19c-bd8a80300167","https://play-lh.googleusercontent.com/a/ACg8ocIjFHMqDTwWr89KmSvyJ57xLdnJny3JiZFOGlv7V0YgHikR57-L=mo","Rekha Yadav","4.0.4"
"com.fsn.nykaa",,"2026-08-18T06:09:40.318Z","2026-08-18T06:14:55.438Z","Hey Shivu Nayak, your feedback means a lot to us. We're committed to continuously bringing you products and services that will keep you thrilled. Keep exploring and happy shopping!","968f8d58-f9bd-4f86-8338-6ec2ec5048df","5","5","2026-08-21T08:12:52.245Z","good","0",,"https://play.google.com/store/apps/details?id=com.fsn.nykaa&reviewId=968f8d58-f9bd-4f86-8338-6ec2ec5048df","https://play-lh.googleusercontent.com/a-/ALV-UjX_cA0_mCkZuXGUC4IzLKdKWptyKMewwH6LKPQBLGge3OUUo3Y","Shivu Nayak","4.0.4"
"com.fsn.nykaa",,"2026-08-18T05:45:51.242Z","2026-08-18T05:50:46.466Z","Hey Arijit Santra, thank you for taking the time to rate us!","21cf39a8-57e8-42ff-b271-3b3036a286ba","5","5","2026-08-21T08:12:52.245Z","good 👍😊","0",,"https://play.google.com/store/apps/details?id=com.fsn.nykaa&reviewId=21cf39a8-57e8-42ff-b271-3b3036a286ba","https://play-lh.googleusercontent.com/a-/ALV-UjXMDYbKykGWf9B-VphbN-scZDTnWVXX-YJ_pqBOxCIz7MESFrzt","Arijit Santra","4.0.4"
"com.fsn.nykaa",,"2026-08-18T05:42:00.218Z","2026-08-18T05:44:41.859Z","Hey, thank you for taking the time to share your feedback. Happy shopping!!

","bf5b14f3-7342-4a4a-b8f4-655d9fc12209","5","5","2026-08-21T08:12:52.245Z","good","0",,"https://play.google.com/store/apps/details?id=com.fsn.nykaa&reviewId=bf5b14f3-7342-4a4a-b8f4-655d9fc12209","https://play-lh.googleusercontent.com/a/ACg8ocKn8-4WgjhZjVBSwk8V_eIakEEnC3u36k3x-inu09ijUNy90Q=mo","Chavi Jain","3.9.8"
"com.fsn.nykaa",,"2026-08-18T05:34:08.638Z","2026-08-18T05:14:36.496Z","Hi, we would not want any of our customers to feel this way. We'd like to know what went wrong and help you with it. Can you please mail us  at support@nykaa.com so that we can have this addressed for you.

","4af787a6-15a7-488a-9474-719ba6e891e1","1","1","2026-08-21T08:12:52.245Z","always delay on delivery","0",,"https://play.google.com/store/apps/details?id=com.fsn.nykaa&reviewId=4af787a6-15a7-488a-9474-719ba6e891e1","https://play-lh.googleusercontent.com/a-/ALV-UjXFM-2VG4oXVBAhnnzf0-zn9sNrqdqmF4TZVYkV9E3bypz9KXg","Lekshmi Priya","4.0.4"
"com.fsn.nykaa",,"2026-08-18T05:26:33.646Z","2026-08-18T05:32:39.185Z","Hey Himanshu Kumar, thank you for taking the time to rate us!","997596fb-bdd1-4107-9a52-1db1845c3f1a","5","5","2026-08-21T08:12:52.245Z","wow nice","0",,"https://play.google.com/store/apps/details?id=com.fsn.nykaa&reviewId=997596fb-bdd1-4107-9a52-1db1845c3f1a","https://play-lh.googleusercontent.com/a/ACg8ocIjQXBXlGvCVab25aw7gd6jXNZrSLirkDsZXekTGpb5xGuGfg=mo","Himanshu Kumar","4.0.4"
"com.fsn.nykaa",,"2026-08-18T05:06:42.802Z","2026-08-18T05:11:06.805Z","Hey Mohammad Saleha Begum, your feedback means a lot to us. We're committed to continuously bringing you products and services that will keep you thrilled. Keep exploring and happy shopping!","95ce0b5d-5625-4818-8330-08918c0de3b6","5","5","2026-08-21T08:12:52.245Z","it's good 😊 for beauty products","0",,"https://play.google.com/store/apps/details?id=com.fsn.nykaa&reviewId=95ce0b5d-5625-4818-8330-08918c0de3b6","https://play-lh.googleusercontent.com/a/ACg8ocLWfzBadXwYYSgqh0sO5gNDW7oEH7wEkj7HFAV5IPN4lMTjag=mo","Mohammad Saleha Begum","4.0.4"
"com.fsn.nykaa",,"2026-08-18T05:06:15.467Z","2026-08-18T05:11:04.192Z","Hey Shelly Singh, your feedback means a lot to us. We're committed to continuously bringing you products and services that will keep you thrilled. Keep exploring and happy shopping!","31e545da-ba2c-4039-bc50-fa68d469dccc","5","5","2026-08-21T08:12:52.245Z","nice","0",,"https://play.google.com/store/apps/details?id=com.fsn.nykaa&reviewId=31e545da-ba2c-4039-bc50-fa68d469dccc","https://play-lh.googleusercontent.com/a-/ALV-UjWf1VLH-JMkNr1H4_J4qbg4l06POIpM0FHuBWNirKYVDfIM8FDY","Shelly Singh","4.0.4"
"com.fsn.nykaa",,"2026-08-18T05:05:54.539Z","2026-08-18T05:11:02.630Z","Hey Janu Beutiful, your feedback means a lot to us. We're committed to continuously bringing you products and services that will keep you thrilled. Keep exploring and happy shopping!","5cffa566-6140-4ceb-9ecc-d9649390c861","4","4","2026-08-21T08:12:52.245Z","super app good quality","0",,"https://play.google.com/store/apps/details?id=com.fsn.nykaa&reviewId=5cffa566-6140-4ceb-9ecc-d9649390c861","https://play-lh.googleusercontent.com/a/ACg8ocJu7eOokvJHL0m-gndSCopjLioa3ioMWNCl_H75NNkjIfKgGg=mo","Janu Beutiful","4.0.4"
"com.fsn.nykaa",,"2026-08-18T05:02:30.639Z","2026-08-18T05:14:59.311Z","Hey, thank you for taking the time to share your feedback. Happy shopping!!

","ad035c52-cfd1-4ab2-9aef-8b26c5a31d95","5","5","2026-08-21T08:12:52.245Z","Wide ranges.","0",,"https://play.google.com/store/apps/details?id=com.fsn.nykaa&reviewId=ad035c52-cfd1-4ab2-9aef-8b26c5a31d95","https://play-lh.googleusercontent.com/a-/ALV-UjWOFk96rhPtw3HVmUWTzFyvktKqjz3k-q5BVj_bRZmx5eUdm1r2","Kiran HK","4.0.4"
"com.fsn.nykaa",,"2026-08-18T05:01:54.887Z","2026-08-18T05:06:56.440Z","Hi Aisha Patil, we request you to please email us at support@nykaa.com with your concerns so that we can have them addressed for you.","5130c089-f806-4ca3-8872-273a61fcc450","1","1","2026-08-21T08:12:52.245Z","i had very disappointed order has not delivered on time which time shown and very bad experience i had ordered gift box with beauty products only items received gift box missing, i was seeing application again and again on the application clear show which message i was type with gift box and i had paid gift box charges also and i was paid payment upi through They took an extra payment from me and they mention it we will refund but only 4.00 rs refund which payment is 198/-","0",,"https://play.google.com/store/apps/details?id=com.fsn.nykaa&reviewId=5130c089-f806-4ca3-8872-273a61fcc450","https://play-lh.googleusercontent.com/a/ACg8ocKb8TwXMpJ2rlszk6qUe9e4UVkRZI8W5ABUWeds9wym5WgmIw=mo","Aisha Patil","4.0.4"
"com.fsn.nykaa",,"2026-08-18T05:01:26.520Z","2026-08-18T05:15:13.884Z","Hey, thank you for taking the time to share your feedback. Happy shopping!!

","83ff969e-dbd3-4a57-aa7b-fee108cf410a","5","5","2026-08-21T08:12:52.245Z","very useful","0",,"https://play.google.com/store/apps/details?id=com.fsn.nykaa&reviewId=83ff969e-dbd3-4a57-aa7b-fee108cf410a","https://play-lh.googleusercontent.com/a-/ALV-UjXbEu5PTRLAhFFw935WLL65fYe4w7xChnX_mqyBnJipB_NOOzY","Rishikesh Chaursiya","4.0.4"
"com.fsn.nykaa",,"2026-08-18T04:57:38.890Z","2026-08-18T05:04:57.785Z","Hey Bhanu tejesh Rasamsetty, thank you for taking the time to rate us!","d21fbe2d-9d68-4f3f-b32f-69e1475da144","5","5","2026-08-21T08:12:52.245Z","very nice app","0",,"https://play.google.com/store/apps/details?id=com.fsn.nykaa&reviewId=d21fbe2d-9d68-4f3f-b32f-69e1475da144","https://play-lh.googleusercontent.com/a/ACg8ocLyc-MHoFyA58QDsGagmNxX_XFJ1IaO-yDFkeIRoF0Ci_wONQ=mo","Bhanu tejesh Rasamsetty","4.0.4"
"com.fsn.nykaa",,"2026-08-18T04:41:47.634Z","2026-08-18T04:44:23.855Z","Hey, thank you for taking the time to share your feedback. Happy shopping!!

","e574168e-c5aa-4767-8483-5ea6990d9602","5","5","2026-08-21T08:12:52.245Z","best quality for product my all time favorites site for cosmetic products ❤️","0",,"https://play.google.com/store/apps/details?id=com.fsn.nykaa&reviewId=e574168e-c5aa-4767-8483-5ea6990d9602","https://play-lh.googleusercontent.com/a/ACg8ocLNAzdqLN7B4oZHSfe4QnCBB4IK9wEMuvAqvtqFkBdSns-UCQ=mo","Sugandha singh","4.0.4"
"com.fsn.nykaa",,"2026-08-18T04:16:30.717Z","2026-08-18T04:21:44.691Z","Hey Md Asif, this is not how we would like you to feel about us. Kindly email us at support@nykaa.com with your concerns so that we can have them addressed for you.","fae5e54a-9c6b-40ab-8fe3-612f769d3bc4","1","1","2026-08-21T08:12:52.245Z","poor","0",,"https://play.google.com/store/apps/details?id=com.fsn.nykaa&reviewId=fae5e54a-9c6b-40ab-8fe3-612f769d3bc4","https://play-lh.googleusercontent.com/a/ACg8ocLZ46hGNPnwZzU0ausjG1mKAMabUUd0NWM-uua9MUDQPdXbyA=mo","Md Asif","4.0.4"
"com.fsn.nykaa",,"2026-08-18T03:59:20.909Z","2026-08-18T04:23:23.128Z","Hi, we would not want any of our customers to feel this way. We'd like to know what went wrong and help you with it. Can you please mail us  at support@nykaa.com so that we can have this addressed for you.

","a8007ec4-c41c-4f6c-b228-ba348a7b53a9","2","2","2026-08-21T08:12:52.245Z","I haven't received the order placed on July 18th, even after a month. Despite requesting a refund multiple times, I still haven't received it.","0",,"https://play.google.com/store/apps/details?id=com.fsn.nykaa&reviewId=a8007ec4-c41c-4f6c-b228-ba348a7b53a9","https://play-lh.googleusercontent.com/a/ACg8ocKEOxE9OsX-mHOkbWyKPagW3lswfX425XGX0aFy9dW5V5M5vg=mo","jinu Joseph","4.0.4"
"com.fsn.nykaa","[{""criteria"":""vaf_free_shipping"",""rating"":null}]","2026-08-18T03:58:36.900Z","2026-08-18T04:03:38.319Z","Hi Manjita Narayan! We are sorry to hear about this. Please highlight this concern to us at support@nykaa.com, so the team can assist you with this.","8e621796-3916-4419-9d7e-bef3c38c7cab","3","3","2026-08-21T08:12:52.245Z","great app but cancellation policy is very poor and hectic even they don't have coustomer care to resolve things. support is good for nothing 😐","0",,"https://play.google.com/store/apps/details?id=com.fsn.nykaa&reviewId=8e621796-3916-4419-9d7e-bef3c38c7cab","https://play-lh.googleusercontent.com/a/ACg8ocJdkHeYAlHq_6CLymCtnL71h1o_U6_6wG8kGnGS3ucfev8Vpg=mo","Manjita Narayan","4.0.4"
"com.fsn.nykaa",,"2026-08-18T03:46:45.240Z","2026-08-18T03:52:41.150Z","Hey Pravinaakadam, thank you for taking the time to rate us!","65959a1c-cba0-42f5-a338-b277878cdb08","5","5","2026-08-21T08:12:52.245Z","nice app","0",,"https://play.google.com/store/apps/details?id=com.fsn.nykaa&reviewId=65959a1c-cba0-42f5-a338-b277878cdb08","https://play-lh.googleusercontent.com/a-/ALV-UjW1UD3ZbnK_-l_W8nyn7F-PH7Q-eY49lKa_yYJoYuUhyjMO8e8","Pravinaakadam","4.0.4"
"com.fsn.nykaa",,"2026-08-18T03:43:35.283Z","2026-08-18T04:23:01.167Z","Hey, thank you for taking the time to share your feedback. Happy shopping!!

","abf9e720-1a16-4b11-8e77-03f7b47bf0dc","3","3","2026-08-21T08:12:52.245Z","good","0",,"https://play.google.com/store/apps/details?id=com.fsn.nykaa&reviewId=abf9e720-1a16-4b11-8e77-03f7b47bf0dc","https://play-lh.googleusercontent.com/a-/ALV-UjU9Kay8TFV1_04CxzZduJNc288QhoEnRaEv0jsG1kbibcP8gwjx","Nerupa Subba","4.0.3"
"com.fsn.nykaa",,"2026-08-18T03:42:29.556Z","2026-08-18T03:49:38.523Z","Hey Swetha K, your feedback means a lot to us. We're committed to continuously bringing you products and services that will keep you thrilled. Keep exploring and happy shopping!","1a9e9d08-39fa-4e24-8722-f82f811ad6c8","5","5","2026-08-21T08:12:52.245Z","good app","0",,"https://play.google.com/store/apps/details?id=com.fsn.nykaa&reviewId=1a9e9d08-39fa-4e24-8722-f82f811ad6c8","https://play-lh.googleusercontent.com/a/ACg8ocKL81ZUY3DSyH8zDd0hjmOq4RRcXCFPdbI3W-RoVIumTN2Gdg=mo","Swetha K","4.0.4"
"com.fsn.nykaa","[{""criteria"":""vaf_app_quality_visual_appeal"",""rating"":3},{""criteria"":""vaf_app_quality_battery_heat"",""rating"":3},{""criteria"":""vaf_app_quality_ads_presence"",""rating"":3}]","2026-08-18T02:54:22.590Z","2026-08-18T04:24:22.538Z","Hi, we would not want any of our customers to feel this way. We'd like to know what went wrong and help you with it. Can you please mail us  at support@nykaa.com so that we can have this addressed for you.

","1d22a404-6877-4b94-986e-827b0f614656","5","5","2026-08-21T08:12:52.245Z","please not cancel my order","0",,"https://play.google.com/store/apps/details?id=com.fsn.nykaa&reviewId=1d22a404-6877-4b94-986e-827b0f614656","https://play-lh.googleusercontent.com/a-/ALV-UjWTMopbr95woMKSUuIZehM7lUJxLgCwZIST5xzuWEHRnUy5JWbuVQ","Neha Singh","4.0.4"
"com.fsn.nykaa",,"2026-08-18T02:51:32.622Z","2026-08-18T02:58:26.357Z","Hey Johnson Johnson, thank you for taking the time to rate us!","f8207947-92bc-4658-abbe-6045e1e8118e","5","5","2026-08-21T08:12:52.245Z","good","0",,"https://play.google.com/store/apps/details?id=com.fsn.nykaa&reviewId=f8207947-92bc-4658-abbe-6045e1e8118e","https://play-lh.googleusercontent.com/a/ACg8ocIzQiSrx2cObZmZIgdXjM7a9HonOiLj__TtbGVcrmqHaRXzww=mo","Johnson Johnson","4.0.4"
"com.fsn.nykaa",,"2026-08-18T02:36:50.306Z","2026-08-18T02:43:21.800Z","Hi Md Kamaal Kamaal, we are grateful for your feedback and will continue to strive to provide our customers with the highest quality of service and products. Keep exploring!","d22a3a02-33aa-487c-ac92-edfc562561f9","5","5","2026-08-21T08:12:52.245Z","nice","0",,"https://play.google.com/store/apps/details?id=com.fsn.nykaa&reviewId=d22a3a02-33aa-487c-ac92-edfc562561f9","https://play-lh.googleusercontent.com/a-/ALV-UjXwXs-H3QXlAhK_fw7OJzQoDvxY3D8V0cd4C2GoK6jnOEWZ4Snq","Md Kamaal Kamaal","4.0.4"
"com.fsn.nykaa",,"2026-08-18T02:31:38.110Z","2026-08-18T02:37:17.650Z","Hey Sreemaya T, your feedback means a lot to us. We're committed to continuously bringing you products and services that will keep you thrilled. Keep exploring and happy shopping!","d99e525b-89b6-424c-8396-98cbfd51ffc4","5","5","2026-08-21T08:12:52.245Z","good","0",,"https://play.google.com/store/apps/details?id=com.fsn.nykaa&reviewId=d99e525b-89b6-424c-8396-98cbfd51ffc4","https://play-lh.googleusercontent.com/a-/ALV-UjVzBKGDpEpZKUg3J_cKdbmuNdYovWGjZyRes_C58bcIAzO3JXj1","Sreemaya T","4.0.4"
"com.fsn.nykaa",,"2026-08-18T02:16:33.355Z","2026-08-18T04:24:35.380Z","Hi, we would not want any of our customers to feel this way. We'd like to know what went wrong and help you with it. Can you please mail us  at support@nykaa.com so that we can have this addressed for you.

","8506fa15-4ff7-4aac-b4cf-ad5a80680141","2","2","2026-08-21T08:12:52.245Z","Every time I open the app to buy what I saved, it shows me ten new things instead.","0",,"https://play.google.com/store/apps/details?id=com.fsn.nykaa&reviewId=8506fa15-4ff7-4aac-b4cf-ad5a80680141","https://play-lh.googleusercontent.com/a-/ALV-UjVbtWkxtDFlI97DkNcfbe99Q3RREeUKAdbPaYyAG_uLYLfngM2X","Aryan Gupta",
"com.fsn.nykaa",,"2026-08-18T01:55:10.716Z","2026-08-18T04:24:53.469Z","Hi, we would not want any of our customers to feel this way. We'd like to know what went wrong and help you with it. Can you please mail us  at support@nykaa.com so that we can have this addressed for you.

","9b8e3482-e0d7-4b5d-a5f3-739f66c3069a","4","4","2026-08-21T08:12:52.245Z","you shoud send all item in 1 time","0",,"https://play.google.com/store/apps/details?id=com.fsn.nykaa&reviewId=9b8e3482-e0d7-4b5d-a5f3-739f66c3069a","https://play-lh.googleusercontent.com/a/ACg8ocKhthwDmNyqni9-LHCYQIZWIJY0-Jygahrr3K7BDHVhqN5vjw=mo","Varsha Gupta","4.0.4"
"com.fsn.nykaa",,"2026-08-18T01:34:43.666Z","2026-08-18T01:41:54.727Z","Hi Radhika Upmanyu, we request you to please email us at support@nykaa.com with your concerns so that we can have them addressed for you.","c1aa5043-a59d-4114-855c-e18a1f776817","1","1","2026-08-21T08:12:52.245Z","""I placed my order so many days ago, and it still hasn't been delivered. Every day it shows a delayed delivery and keeps pushing the date forward. Please look into this. This has been a very bad experience for me.""","0",,"https://play.google.com/store/apps/details?id=com.fsn.nykaa&reviewId=c1aa5043-a59d-4114-855c-e18a1f776817","https://play-lh.googleusercontent.com/a-/ALV-UjXEj3AA_EKaLGYkvEKyRNIOwDDbZ2DFiwgv7Prco64AxRWHbozV","Radhika Upmanyu","4.0.4"
"com.fsn.nykaa",,"2026-08-18T01:04:51.352Z","2026-08-18T04:25:10.292Z","Hi, we would not want any of our customers to feel this way. We'd like to know what went wrong and help you with it. Can you please mail us  at support@nykaa.com so that we can have this addressed for you.

","4c445930-feb3-4444-85b5-6d0039870830","1","1","2026-08-21T08:12:52.245Z","kbhi time pr delivery nhi hoti bhot bekar service h apki nyka","0",,"https://play.google.com/store/apps/details?id=com.fsn.nykaa&reviewId=4c445930-feb3-4444-85b5-6d0039870830","https://play-lh.googleusercontent.com/a-/ALV-UjUXtohZKAG4uSjt8XKapPap1xlBPlNB9O92yvSDu8e5juqRhpQ","Nidhi Kanoujiya","4.0.4"
"com.fsn.nykaa",,"2026-08-18T00:50:35.249Z","2026-08-18T00:57:41.941Z","Hey Satyabati Patra, your feedback means a lot to us. We're committed to continuously bringing you products and services that will keep you thrilled. Keep exploring and happy shopping!","620170d1-d799-40d5-aa7f-ba5ae48b7818","5","5","2026-08-21T08:12:52.245Z","good hai","0",,"https://play.google.com/store/apps/details?id=com.fsn.nykaa&reviewId=620170d1-d799-40d5-aa7f-ba5ae48b7818","https://play-lh.googleusercontent.com/a/ACg8ocJj_lB-PDMEbZJH8fQi84eGNkviANceD-xGdpELrXVl6jnWSg=mo","Satyabati Patra","4.0.4"
"com.fsn.nykaa",,"2026-08-17T19:29:52.868Z","2026-08-18T04:26:01.678Z","Hey, thank you for taking the time to share your feedback. Happy shopping!!

","ed75cad3-875a-4529-85ee-2798d84fc553","2","2","2026-08-21T08:12:52.245Z","first order love it","0",,"https://play.google.com/store/apps/details?id=com.fsn.nykaa&reviewId=ed75cad3-875a-4529-85ee-2798d84fc553","https://play-lh.googleusercontent.com/a/ACg8ocIvz6IGchYN3-RZplacDqbh36EvKkyc6grpg0IGPz8loNu42Q=mo","Bushra Khan","4.0.4"
"com.fsn.nykaa",,"2026-08-17T18:59:45.471Z","2026-08-17T19:05:10.422Z","Hey Kishor Dewri, your feedback means a lot to us. We're committed to continuously bringing you products and services that will keep you thrilled. Keep exploring and happy shopping!","6050ee4d-28e7-4833-be48-817f50baaa24","5","5","2026-08-21T08:12:52.245Z","good 👍","0",,"https://play.google.com/store/apps/details?id=com.fsn.nykaa&reviewId=6050ee4d-28e7-4833-be48-817f50baaa24","https://play-lh.googleusercontent.com/a-/ALV-UjWZTVCFdqs6brdvDtlulYvYsC0tzsgtJAAeUFqNrpjQpVgz8LlW","Kishor Dewri","4.0.4"
"com.fsn.nykaa",,"2026-08-17T18:45:44.546Z","2026-08-17T18:52:53.880Z","Hi Khushi Pandey, we are grateful for your feedback and will continue to strive to provide our customers with the highest quality of service and products. Keep exploring!","6fc173ca-73d0-4941-8bc2-f3af679220af","5","5","2026-08-21T08:12:52.245Z","this app is amazing mind-blowing ❤️💯","0",,"https://play.google.com/store/apps/details?id=com.fsn.nykaa&reviewId=6fc173ca-73d0-4941-8bc2-f3af679220af","https://play-lh.googleusercontent.com/a/ACg8ocJzlkXqvqQeq2viQ8rLcCLIUPNpD1EDUncrkSCAivDqlsn07g=mo","Khushi Pandey","4.0.4"
"com.fsn.nykaa",,"2026-08-17T18:30:21.578Z","2026-08-17T18:37:17.979Z","Hi drashti dodiya! We are sorry to hear about this. Please highlight this concern to us at support@nykaa.com, so the team can assist you with this.","eec3b2ba-41af-4f7f-aadf-1a700d85bddb","1","1","2026-08-21T08:12:52.245Z","it's very terrible app","0",,"https://play.google.com/store/apps/details?id=com.fsn.nykaa&reviewId=eec3b2ba-41af-4f7f-aadf-1a700d85bddb","https://play-lh.googleusercontent.com/a/ACg8ocLg7-dMqDy09-F4dVqTCk7zrwX6F2NdttaPuifgYeXnA_wPLts=mo","drashti dodiya","4.0.4"
"com.fsn.nykaa",,"2026-08-17T18:26:46.695Z","2026-08-18T04:26:15.990Z","Hey, thank you for taking the time to share your feedback. Happy shopping!!

","03bd5c5b-ac99-4247-a117-ad91dbcb7c25","5","5","2026-08-21T08:12:52.245Z","ok","0",,"https://play.google.com/store/apps/details?id=com.fsn.nykaa&reviewId=03bd5c5b-ac99-4247-a117-ad91dbcb7c25","https://play-lh.googleusercontent.com/a/ACg8ocI5YXtAyoCyQsrM61jg-kE_dCol6zCThQx08bzHKr8jyLP96g=mo","Md Khalid Khalid","4.0.3"
"com.fsn.nykaa",,"2026-08-17T18:26:16.322Z","2026-08-17T18:31:48.914Z","Hey Kevineinuo Ringa, thank you for taking the time to rate us!","99373812-b99d-4885-9dc9-769cda71fa83","4","4","2026-08-21T08:12:52.245Z","It's good I got offer for my first order hope i will get again","0",,"https://play.google.com/store/apps/details?id=com.fsn.nykaa&reviewId=99373812-b99d-4885-9dc9-769cda71fa83","https://play-lh.googleusercontent.com/a-/ALV-UjUuBSnRvmfMg-E2j9mU0yK0CYoHJL6Fx4onM5u95W3hadhdrLP3","Kevineinuo Ringa",
"com.fsn.nykaa",,"2026-08-17T18:11:47.788Z","2026-08-17T18:16:27.207Z","Hi Durga Patel, we are grateful for your feedback and will continue to strive to provide our customers with the highest quality of service and products. Keep exploring!","cd6d3471-2e5a-40c5-bca5-6f5b429b90df","5","5","2026-08-21T08:12:52.245Z","nice ☺️","0",,"https://play.google.com/store/apps/details?id=com.fsn.nykaa&reviewId=cd6d3471-2e5a-40c5-bca5-6f5b429b90df","https://play-lh.googleusercontent.com/a/ACg8ocLDHyKEoiAVZ5-ej_Noj62w8BaIY0cQL17Aic-XdSmw8m_I0w=mo","Durga Patel","4.0.4"
"com.fsn.nykaa",,"2026-08-17T18:10:02.410Z","2026-08-17T18:16:25.660Z","Hi Pampa Roy, we are grateful for your feedback and will continue to strive to provide our customers with the highest quality of service and products. Keep exploring!","d8d76b8b-a4e8-4548-a73a-d7b2d9549709","5","5","2026-08-21T08:12:52.245Z","very good product","0",,"https://play.google.com/store/apps/details?id=com.fsn.nykaa&reviewId=d8d76b8b-a4e8-4548-a73a-d7b2d9549709","https://play-lh.googleusercontent.com/a/ACg8ocLDPnNRbpEE2fTqqhf5uW_-xnxYmldmh7mhPu84b6lueK-L-A=mo","Pampa Roy","4.0.4"
"com.fsn.nykaa",,"2026-08-17T17:59:55.480Z","2026-08-18T04:26:41.981Z","Hey, thank you for taking the time to share your feedback. Happy shopping!!

","78431a49-ed81-4520-a98c-d8680eefcffa","5","5","2026-08-21T08:12:52.245Z","💗","0",,"https://play.google.com/store/apps/details?id=com.fsn.nykaa&reviewId=78431a49-ed81-4520-a98c-d8680eefcffa","https://play-lh.googleusercontent.com/a/ACg8ocIYzDMaXYW_4j2cSRHiFYJZEfRvhiKJVtdXQ8Fsx8fvnr9wRw=mo","Aryan Dhekane","4.0.4"
"com.fsn.nykaa",,"2026-08-17T17:57:30.997Z","2026-08-17T18:04:21.552Z","Hey Rojina Khatun, thank you for taking the time to rate us!","6c00e2d0-edf9-4909-9d39-0626df8503da","5","5","2026-08-21T08:12:52.245Z","good","0",,"https://play.google.com/store/apps/details?id=com.fsn.nykaa&reviewId=6c00e2d0-edf9-4909-9d39-0626df8503da","https://play-lh.googleusercontent.com/a-/ALV-UjWxsv1XaN3yCMik-hxivwRBEJAfZ4HW7frk_bLEuGBYzn8cgWJo","Rojina Khatun","4.0.4"
"com.fsn.nykaa",,"2026-08-17T17:39:59.399Z","2026-08-17T17:45:43.504Z","Hey AKHILA AMRITHLAL, we regret to hear this, we'd like to know what went wrong and help you with it. We request you to email us at support@nykaa.com with your order details so that we can have this addressed for you.","1f6cad8e-285e-4a7a-ab21-d978a4b11e74","1","1","2026-08-21T08:12:52.245Z","very bad experience from nykaa the are not giving me the delivered products the orders are too delayed","0",,"https://play.google.com/store/apps/details?id=com.fsn.nykaa&reviewId=1f6cad8e-285e-4a7a-ab21-d978a4b11e74","https://play-lh.googleusercontent.com/a-/ALV-UjUCXA_AoSxYeEL2bjofmtN28YEeoAIKXXXdZXosEFH2ZgieOtVQ","AKHILA AMRITHLAL","4.0.4"
"com.fsn.nykaa",,"2026-08-17T17:37:17.882Z","2026-08-17T17:43:16.274Z","Hey Sudha Ghosh, your feedback means a lot to us. We're committed to continuously bringing you products and services that will keep you thrilled. Keep exploring and happy shopping!","73b2be82-deb0-4a15-ae90-996fe507b618","4","4","2026-08-21T08:12:52.245Z","great app for cosmetic","0",,"https://play.google.com/store/apps/details?id=com.fsn.nykaa&reviewId=73b2be82-deb0-4a15-ae90-996fe507b618","https://play-lh.googleusercontent.com/a-/ALV-UjURirykxLhpqv3lvk5N_DS7NbTovhRem6MNlK6U7QnQHUVXhui1","Sudha Ghosh","4.0.4"
"com.fsn.nykaa",,"2026-08-17T17:33:45.420Z","2026-08-17T17:40:13.348Z","Hi Sanjay Kashyap, we are grateful for your feedback and will continue to strive to provide our customers with the highest quality of service and products. Keep exploring!","eb0f09dd-4ef4-45e9-9660-c866b23a5bbd","5","5","2026-08-21T08:12:52.245Z","good 😊👍🏻","0",,"https://play.google.com/store/apps/details?id=com.fsn.nykaa&reviewId=eb0f09dd-4ef4-45e9-9660-c866b23a5bbd","https://play-lh.googleusercontent.com/a/ACg8ocK0a2F0LhkMqGUJDGZkPHKzGDSMtrN0A5t9pDOASZo1jEHqjw=mo","Sanjay Kashyap","4.0.4"
"com.fsn.nykaa",,"2026-08-17T17:23:07.536Z","2026-08-18T04:26:57.940Z","Hey, thank you for taking the time to share your feedback. Happy shopping!!

","ac4fc385-d1d3-49c4-96c3-6a85e58699d7","5","5","2026-08-21T08:12:52.245Z","👍","0",,"https://play.google.com/store/apps/details?id=com.fsn.nykaa&reviewId=ac4fc385-d1d3-49c4-96c3-6a85e58699d7","https://play-lh.googleusercontent.com/a-/ALV-UjVzqnfvnOZChVvmtep_zFTEnj18MZjmfn-Eto7T9Nuz86nVUSQw","Rohit Bhardwaj",
"com.fsn.nykaa",,"2026-08-17T16:59:26.200Z","2026-08-18T04:27:12.145Z","Hey, thank you for taking the time to share your feedback. Happy shopping!!

","8e990d2a-d6e3-4860-aad6-b821310311bb","5","5","2026-08-21T08:12:52.245Z","good🫶🏽","0",,"https://play.google.com/store/apps/details?id=com.fsn.nykaa&reviewId=8e990d2a-d6e3-4860-aad6-b821310311bb","https://play-lh.googleusercontent.com/a/ACg8ocJ8R2PWx6auFKdjKTIKXzq7Viaxo68cPA7niZ96HRzKjRl0pQ=mo","Shyni Kp","4.0.3"
"com.fsn.nykaa",,"2026-08-17T16:15:23.923Z","2026-08-17T16:21:52.885Z","Hey Rifat P, your feedback means a lot to us. We're committed to continuously bringing you products and services that will keep you thrilled. Keep exploring and happy shopping!","989e051f-b66d-4cb5-a12b-f8fc2bde0f83","5","5","2026-08-21T08:12:52.245Z","very nice","0",,"https://play.google.com/store/apps/details?id=com.fsn.nykaa&reviewId=989e051f-b66d-4cb5-a12b-f8fc2bde0f83","https://play-lh.googleusercontent.com/a/ACg8ocIidXLZDWlVbmEKDfveWw3iO6Fs3pGGOIxnyUw9lBNM1ArooQ=mo","Rifat P","4.0.3"
"com.fsn.nykaa",,"2026-08-17T15:59:24.750Z","2026-08-18T04:28:12.368Z","Hi, we would not want any of our customers to feel this way. We'd like to know what went wrong and help you with it. Can you please mail us  at support@nykaa.com so that we can have this addressed for you.
","d87fc4b9-3c68-462b-b517-b6e9f2e679cf","1","1","2026-08-21T08:12:52.245Z","totally poor service..don't waste time on purchasing product from nykaa ,they show u delivery past date and order not came on your door steps upto more than weeks for all this if u ask their coustomer service they only say we are trying .only coustomer's time waste they think coustomer is mad ,to shop from their app .for refunding the money they tell u refuse the order that not approaching to ur door steps then in 5 working days u get ur block money.stop purchasing fron nykka","0",,"https://play.google.com/store/apps/details?id=com.fsn.nykaa&reviewId=d87fc4b9-3c68-462b-b517-b6e9f2e679cf","https://play-lh.googleusercontent.com/a-/ALV-UjWFs5HjaPPwLY5TRUVq7lIiLjEpnas_uMmp_GuZ_UEt-bjNZDl9vQ","Pragati Pardeshi","4.0.4"
"com.fsn.nykaa",,"2026-08-17T15:57:16.517Z","2026-08-18T04:29:02.848Z","Hey, thank you for taking the time to share your feedback. Happy shopping!!

","7915b694-8e1e-46b4-80fc-676dcfe47313","3","3","2026-08-21T08:12:52.245Z","very good","0",,"https://play.google.com/store/apps/details?id=com.fsn.nykaa&reviewId=7915b694-8e1e-46b4-80fc-676dcfe47313","https://play-lh.googleusercontent.com/a/ACg8ocIP-YzcThET6SwiGHbwlfVTDBvgtKU3Zn_inn5JbpQ6Dyy5fg=mo","Deepika Soni","4.0.4"
"com.fsn.nykaa",,"2026-08-17T15:48:11.184Z","2026-08-18T04:29:17.240Z","Hey, thank you for taking the time to share your feedback. Happy shopping!!

","180dd5e6-df6c-4ce6-9877-8a234e33015e","5","5","2026-08-21T08:12:52.245Z","khub valo","0",,"https://play.google.com/store/apps/details?id=com.fsn.nykaa&reviewId=180dd5e6-df6c-4ce6-9877-8a234e33015e","https://play-lh.googleusercontent.com/a-/ALV-UjUNZHMMMijDlbcz6h46bKLQ2jCZw2DbKGi22Qw4_6cmrddiIrhS","Arpita Mondal","4.0.4"
"com.fsn.nykaa",,"2026-08-17T15:35:39.961Z","2026-08-17T15:42:15.213Z","Hey Zenha Meharin, this is not how we would like you to feel about us. Kindly email us at support@nykaa.com with your concerns so that we can have them addressed for you.","3bf00f1d-cae5-43d8-90df-d49e2c7f2023","1","1","2026-08-21T08:12:52.245Z","The delivery is extremely delayed. I haven’t received the item within the expected time.","0",,"https://play.google.com/store/apps/details?id=com.fsn.nykaa&reviewId=3bf00f1d-cae5-43d8-90df-d49e2c7f2023","https://play-lh.googleusercontent.com/a/ACg8ocIQH3oK6pMc1JjkhUvOW74E4EoZRk5z3pT-fWUHBreRdVz-8A=mo","Zenha Meharin","4.0.4"
"com.fsn.nykaa",,"2026-08-17T15:09:57.599Z","2026-08-17T14:51:04.500Z","Hi Shivani Prajapati, we request you to please email us at support@nykaa.com with your concerns so that we can have them addressed for you.","62aa3e62-d0ad-44c2-91ba-d951ef1744b4","1","1","2026-08-21T08:12:52.245Z","maine first time nykaa se order Kiya and it was worst experience of my life my order is not return and they say ki maine order open Kiya hai agar open nahi karti to pata kaise chalta ki product kharab aya hai and maskara sukha aya hai mai ne support chat me bhi baat ki koe response nahi aya and inhone mera return bhi cancel kar diya","0",,"https://play.google.com/store/apps/details?id=com.fsn.nykaa&reviewId=62aa3e62-d0ad-44c2-91ba-d951ef1744b4","https://play-lh.googleusercontent.com/a/ACg8ocKimfzQHwPqjjEpj-NH8mAQUbugIP6xHZM3o0gD609EPKLSRA=mo","Shivani Prajapati","4.0.4"
"com.fsn.nykaa",,"2026-08-17T15:09:30.725Z",,,"5cd70d43-91d8-4d6b-b8b0-5ce2aec37b8a","3","3","2026-08-21T08:12:52.245Z","good","0",,"https://play.google.com/store/apps/details?id=com.fsn.nykaa&reviewId=5cd70d43-91d8-4d6b-b8b0-5ce2aec37b8a","https://play-lh.googleusercontent.com/a/ACg8ocLHmnifxfy5en4uQd094VWFPMB0k1SMkQzR-Kuc-YD_VWk5GQ=mo","Manuja","4.0.3"
"com.fsn.nykaa",,"2026-08-17T15:07:24.639Z","2026-08-17T15:12:16.680Z","Hey Madhuri Kumari, thank you for taking the time to rate us!","53cf6106-493b-411f-8c8d-9050480a8b84","5","5","2026-08-21T08:12:52.245Z","excellent","0",,"https://play.google.com/store/apps/details?id=com.fsn.nykaa&reviewId=53cf6106-493b-411f-8c8d-9050480a8b84","https://play-lh.googleusercontent.com/a/ACg8ocKCREsRe_RDg-5sjKkfFiun1G1Ez1YA7YTzKLyaAdD34E-lvA=mo","Madhuri Kumari","3.9.8"
"com.fsn.nykaa",,"2026-08-17T14:56:20.129Z","2026-08-17T15:03:12.813Z","Hey Avni singh, thank you for taking the time to rate us!","b6b1c904-f1d6-4625-9b7a-529624c13a0c","5","5","2026-08-21T08:12:52.245Z","good app💗","0",,"https://play.google.com/store/apps/details?id=com.fsn.nykaa&reviewId=b6b1c904-f1d6-4625-9b7a-529624c13a0c","https://play-lh.googleusercontent.com/a/ACg8ocKOrT0HmRLVETo-bVcaGy6vNzbRd_LXNwHcLVpwxDt7wpBaUuo=mo","Avni singh","4.0.4"
"com.fsn.nykaa",,"2026-08-17T14:53:06.163Z","2026-08-17T15:00:09.178Z","Hey Surabhi pp, your feedback means a lot to us. We're committed to continuously bringing you products and services that will keep you thrilled. Keep exploring and happy shopping!","fae408ec-cbd7-4059-9589-b4e1f75ad8ef","4","4","2026-08-21T08:12:52.245Z","Good","0",,"https://play.google.com/store/apps/details?id=com.fsn.nykaa&reviewId=fae408ec-cbd7-4059-9589-b4e1f75ad8ef","https://play-lh.googleusercontent.com/a-/ALV-UjUO_aNIEFCsZ_regvG99eizlG2kbokXlB-ATsT3nyxfAxu1ZwlT","Surabhi pp","4.0.4"
"com.fsn.nykaa",,"2026-08-17T14:44:28.390Z","2026-08-17T14:51:05.169Z","Hey Sudam Dede, your feedback means a lot to us. We're committed to continuously bringing you products and services that will keep you thrilled. Keep exploring and happy shopping!","71ab771d-cc98-49aa-954b-f70980b3bd77","4","4","2026-08-21T08:12:52.245Z","good","0",,"https://play.google.com/store/apps/details?id=com.fsn.nykaa&reviewId=71ab771d-cc98-49aa-954b-f70980b3bd77","https://play-lh.googleusercontent.com/a/ACg8ocKZKF5X3f6FsYYohpXYj-UM5YS4fh6sqevAtansLyBdPQO55A=mo","Sudam Dede","4.0.4"
"com.fsn.nykaa","[{""criteria"":""vaf_phase1_loyalty_program"",""rating"":3},{""criteria"":""vaf_app_quality_stability"",""rating"":2},{""criteria"":""vaf_app_quality_ads_presence"",""rating"":1}]","2026-08-17T14:11:46.486Z","2026-08-17T14:17:41.993Z","Hey Karkuzhali Narayanan, this is not how we would like you to feel about us. Kindly email us at support@nykaa.com with your concerns so that we can have them addressed for you.","7530fca8-d484-41a7-b6dc-5f4abb8c85da","1","1","2026-08-21T08:12:52.245Z","I will give more stars for their service and nicer true brand products range but worst delivery patner it's been so long it reached my near district hub but for nearly 8 days there is no update from the nykaa app side or delivery patner side. I made 3 ticket from all side, no proper reply. facing this same problem from same app through same delivery patner for 2 rd time in a row. Needed much stronger delivery patner never again ordering from nykaa for this poor service, very bad.","0",,"https://play.google.com/store/apps/details?id=com.fsn.nykaa&reviewId=7530fca8-d484-41a7-b6dc-5f4abb8c85da","https://play-lh.googleusercontent.com/a-/ALV-UjUa8URnv4CTc-1Ds5BbYSEPWISVu1CF0cYoLB7MYZmTCprJVQ4","Karkuzhali Narayanan",
"com.fsn.nykaa",,"2026-08-17T13:53:19.400Z","2026-08-17T13:59:31.707Z","Hey Anjana Kumari, thank you for taking the time to rate us!","031ab453-0d17-404f-ba55-28a9f6bd97b5","5","5","2026-08-21T08:12:52.245Z","good","0",,"https://play.google.com/store/apps/details?id=com.fsn.nykaa&reviewId=031ab453-0d17-404f-ba55-28a9f6bd97b5","https://play-lh.googleusercontent.com/a/ACg8ocIZNZZkfIfEFl7A1wRMROF8_qNhTVZH__7XcTWnTOvFEtM-Bvc=mo","Anjana Kumari","4.0.4"
"com.fsn.nykaa","[{""criteria"":""vaf_app_quality_performance"",""rating"":2},{""criteria"":""vaf_phase1_loyalty_program"",""rating"":2},{""criteria"":""vaf_app_quality_battery_heat"",""rating"":2}]","2026-08-17T13:47:53.140Z","2026-08-17T13:53:25.882Z","Hey Sutapa MUKHERJEE, this is not how we would like you to feel about us. Kindly email us at support@nykaa.com with your concerns so that we can have them addressed for you.","1f465bae-68dc-4e6d-ae5e-c1c99dd5dda4","1","1","2026-08-21T08:12:52.246Z","customer service is soo bad and disturbing does not solve any issue at all and the delivery date is getting changed again and again I am so disappointed, did not expect this from nykaa.","0",,"https://play.google.com/store/apps/details?id=com.fsn.nykaa&reviewId=1f465bae-68dc-4e6d-ae5e-c1c99dd5dda4","https://play-lh.googleusercontent.com/a-/ALV-UjV3gW9MO29pkiOVTApSnBLp61tIy_yJi3LA7bR4QHOP5JlIHyLp","Sutapa MUKHERJEE","4.0.4"
"com.fsn.nykaa",,"2026-08-17T13:43:31.561Z","2026-08-17T15:22:50.456Z","Hi, we regret to hear this, we'd like to know what went wrong and help you with it. Thus, we request you to kindly write to us via email at support@nykaa.com so that we can have this addressed.","2396c056-e355-46c2-a82f-261fabd11506","1","1","2026-08-21T08:12:52.246Z","Very disappointing experience with Nikka. I ordered a combo containing 4 products plus 1 individual product, so I was supposed to receive 5 products in total. However, I received only 2 products. I contacted Nikka customer care multiple times. Every time, they told me that my refund/replacement request had been processed and that I would receive an update within 48 hours. But whenever I check the status on the app, it simply shows “Request Rejected.” I have already made 4 complaints and called","0",,"https://play.google.com/store/apps/details?id=com.fsn.nykaa&reviewId=2396c056-e355-46c2-a82f-261fabd11506","https://play-lh.googleusercontent.com/a/ACg8ocLtbiM1kTUzQJiEJDA3qzrmoWs0-sn9stMDGf1bax4DB2i6ow=mo","Sakshi Tembe","4.0.4"
"com.fsn.nykaa","[{""criteria"":""vaf_app_quality_visual_appeal"",""rating"":2},{""criteria"":""vaf_phase1_loyalty_program"",""rating"":2},{""criteria"":""vaf_app_quality_usability"",""rating"":2}]","2026-08-17T13:40:56.801Z","2026-08-17T15:22:50.430Z","Hi, we regret to hear this, we'd like to know what went wrong and help you with it. Thus, we request you to kindly write to us via email at support@nykaa.com so that we can have this addressed.","04998ac0-8e7a-498d-bc75-69d078e97933","1","1","2026-08-21T08:12:52.246Z","Very disappointing experience with Nikka. I ordered a combo containing 4 products plus 1 individual product, so I was supposed to receive 5 products in total. However, I received only 2 products. I contacted Nikka customer care multiple times. Every time, they told me that my refund/replacement request had been processed and that I would receive an update within 48 hours. But whenever I check the status on the app, it simply shows “Request Rejected.” I have already made 4 complaints","0",,"https://play.google.com/store/apps/details?id=com.fsn.nykaa&reviewId=04998ac0-8e7a-498d-bc75-69d078e97933","https://play-lh.googleusercontent.com/a-/ALV-UjXPZiVxBAPz5qJf1t7l1WVwj_fh_Uw0T5h8hivuKS6NpPnrkDobqA","KSHITIJ Samdurkar (SHADOW)","4.0.4"
"com.fsn.nykaa",,"2026-08-17T13:29:29.729Z","2026-08-17T13:35:21.403Z","Hi Deepika rai, we are grateful for your feedback and will continue to strive to provide our customers with the highest quality of service and products. Keep exploring!","22bc1c3a-0fd9-49b7-9417-101937911844","4","4","2026-08-21T08:12:52.246Z","Best app for beauty products. 100% trustable ❤️","0",,"https://play.google.com/store/apps/details?id=com.fsn.nykaa&reviewId=22bc1c3a-0fd9-49b7-9417-101937911844","https://play-lh.googleusercontent.com/a/ACg8ocJQJW0Bc_9NJBr_M1NWh2z5lGlbToIgVNl6bWEQc8DMq8bhaQ=mo","Deepika rai","4.0.4"
"com.fsn.nykaa",,"2026-08-17T13:27:08.864Z","2026-08-17T13:31:13.480Z","Hi, we appreciate your wonderful feedback! 💖

","f21ef1bf-5f62-4457-899e-debc41d6193c","5","5","2026-08-21T08:12:52.246Z","Great 👍🏽","0",,"https://play.google.com/store/apps/details?id=com.fsn.nykaa&reviewId=f21ef1bf-5f62-4457-899e-debc41d6193c","https://play-lh.googleusercontent.com/a/ACg8ocKthBFj-Spvdf6qfL3OxDtmS8lsHjEyqIWWNh4IgGK2AxHIRA=mo","Kuldip Kaur","4.0.4"
"com.fsn.nykaa",,"2026-08-17T13:16:01.723Z","2026-08-17T15:22:31.313Z","Hey, Thank you for letting us know what you think! We'll always be here to make sure we keep you happy with our products and services. Keep exploring!!","2845f4be-de76-42ce-8386-0a1132057f0e","5","5","2026-08-21T08:12:52.246Z","wow","0",,"https://play.google.com/store/apps/details?id=com.fsn.nykaa&reviewId=2845f4be-de76-42ce-8386-0a1132057f0e","https://play-lh.googleusercontent.com/a/ACg8ocL9LmcR6XylCh-GYuwVFw2sZGfmV5Cr4pGBlX311yVdlzO1Iw=mo","Priyanshu Kumar","4.0.4"
"com.fsn.nykaa",,"2026-08-17T13:11:12.160Z","2026-08-17T13:16:07.768Z","Hi, we appreciate your wonderful feedback! 💖

","c85ccd2c-1374-4189-9ec3-c6274594eeed","5","5","2026-08-21T08:12:52.246Z","good","0",,"https://play.google.com/store/apps/details?id=com.fsn.nykaa&reviewId=c85ccd2c-1374-4189-9ec3-c6274594eeed","https://play-lh.googleusercontent.com/a-/ALV-UjWNXH0LdL9cIN3fR5j2UDJOwNUToyqUS89FcoINiV5ZoWL8pTGP","Christina Margaret","4.0.4"
"com.fsn.nykaa",,"2026-08-17T12:57:07.989Z","2026-08-17T13:04:50.921Z","Hey Afiya Siddiqui, thank you for taking the time to rate us!","471c2615-7ce0-4d65-bf10-6da36c03033f","5","5","2026-08-21T08:12:52.246Z","good amazing 😍","0",,"https://play.google.com/store/apps/details?id=com.fsn.nykaa&reviewId=471c2615-7ce0-4d65-bf10-6da36c03033f","https://play-lh.googleusercontent.com/a/ACg8ocJYgnqhHSGBOtHV9YatpY5YiNwD_W-EMkXZDc4KC0QqOHyPgQ=mo","Afiya Siddiqui","4.0.4"
"com.fsn.nykaa",,"2026-08-17T12:38:53.842Z","2026-08-17T12:44:39.417Z","Hey Oro, thank you for taking the time to rate us!","950d63c0-f05a-4565-92f3-9145c45e40a3","5","5","2026-08-21T08:12:52.246Z","good product 👍🏻👍🏻","0",,"https://play.google.com/store/apps/details?id=com.fsn.nykaa&reviewId=950d63c0-f05a-4565-92f3-9145c45e40a3","https://play-lh.googleusercontent.com/a/ACg8ocKVBdhWv31c16i5SunyIyAc_yGtpvb8b1lXi00bgDqWy3O89g=mo","Oro",
"com.fsn.nykaa","[{""criteria"":""vaf_app_quality_ads_frequency"",""rating"":1},{""criteria"":""vaf_app_quality_battery_efficiency"",""rating"":1},{""criteria"":""vaf_app_quality_ads_intrusiveness"",""rating"":3}]","2026-08-17T12:27:07.755Z","2026-08-17T15:22:50.467Z","Hi, we regret to hear this, we'd like to know what went wrong and help you with it. Thus, we request you to kindly write to us via email at support@nykaa.com so that we can have this addressed.","35aa634a-e287-4f8d-9924-334471735a25","3","3","2026-08-21T08:12:52.246Z","ok","0",,"https://play.google.com/store/apps/details?id=com.fsn.nykaa&reviewId=35aa634a-e287-4f8d-9924-334471735a25","https://play-lh.googleusercontent.com/a-/ALV-UjVKugK9-YwImVZs_4US9tnt2gUh1foazp4zIgH1meXbuO-qw8o","Sumesh SS","4.0.4"
"com.fsn.nykaa",,"2026-08-17T12:12:49.429Z","2026-08-17T12:17:30.448Z","Hey Rashika Sharma, thank you for taking the time to rate us!","ee4b3faa-7d5c-4166-a150-63ae31c1e16d","4","4","2026-08-21T08:12:52.246Z","nice","0",,"https://play.google.com/store/apps/details?id=com.fsn.nykaa&reviewId=ee4b3faa-7d5c-4166-a150-63ae31c1e16d","https://play-lh.googleusercontent.com/a/ACg8ocLpnYx0pdUr6mYQaI2Ov94Mum0XQSXC3q96x8-5ItClxuzSbg=mo","Rashika Sharma","4.0.4"
"com.fsn.nykaa",,"2026-08-17T12:08:16.550Z","2026-08-17T12:14:27.518Z","Hey Aamy, your feedback means a lot to us. We're committed to continuously bringing you products and services that will keep you thrilled. Keep exploring and happy shopping!","76491028-49c2-46c6-9aec-d58fedf7a153","5","5","2026-08-21T08:12:52.246Z","it's a good app","0",,"https://play.google.com/store/apps/details?id=com.fsn.nykaa&reviewId=76491028-49c2-46c6-9aec-d58fedf7a153","https://play-lh.googleusercontent.com/a-/ALV-UjXhJPBl2i2vzRPBo39B9RT7Yrp_7iCY_Gwb3cTfw05-rYmLHpna","Aamy","4.0.4"
"com.fsn.nykaa",,"2026-08-17T12:07:11.262Z","2026-08-17T12:14:25.820Z","Hey Kuldeep Bharti, your feedback means a lot to us. We're committed to continuously bringing you products and services that will keep you thrilled. Keep exploring and happy shopping!","2c9ef90e-3d58-4a23-89d5-7703be5d7a12","5","5","2026-08-21T08:12:52.246Z","good","0",,"https://play.google.com/store/apps/details?id=com.fsn.nykaa&reviewId=2c9ef90e-3d58-4a23-89d5-7703be5d7a12","https://play-lh.googleusercontent.com/a-/ALV-UjX3K0qmA73ZD9A_mErQncrJf4El_IHIr4ITaS0PmHPhGQf91j9U","Kuldeep Bharti","4.0.2"
"com.fsn.nykaa",,"2026-08-17T11:40:01.970Z","2026-08-17T11:47:15.672Z","Hi Krutika Thakre, we request you to please email us at support@nykaa.com with your concerns so that we can have them addressed for you.","aa4217ed-a927-4a9c-890c-38537f40c190","1","1","2026-08-21T08:12:52.246Z","bad experience I ordered sum product but vo received nhi hua or naykaa valone refund bi Nhi kiya 😡😡😡","0",,"https://play.google.com/store/apps/details?id=com.fsn.nykaa&reviewId=aa4217ed-a927-4a9c-890c-38537f40c190","https://play-lh.googleusercontent.com/a-/ALV-UjVRYFS3zuIE8yfyxezs3FW_KUXG535X6My9ABOKpb8PxOzSg1w","Krutika Thakre","4.0.4"
"com.fsn.nykaa",,"2026-08-17T11:38:58.505Z","2026-08-17T11:44:17.820Z","Hi Kavitha murthy, we are grateful for your feedback and will continue to strive to provide our customers with the highest quality of service and products. Keep exploring!","d5bc97fb-cd43-426e-88dd-396efdc60376","5","5","2026-08-21T08:12:52.246Z","good","0",,"https://play.google.com/store/apps/details?id=com.fsn.nykaa&reviewId=d5bc97fb-cd43-426e-88dd-396efdc60376","https://play-lh.googleusercontent.com/a/ACg8ocLR621aY9zQRGfnHEaGGfGG1--FDqHiFbPC-k8D5tSL84PWlw=mo","Kavitha murthy","4.0.4"
"com.fsn.nykaa",,"2026-08-17T11:14:14.704Z","2026-08-17T11:20:04.676Z","Hey Iqra Altaf, your feedback means a lot to us. We're committed to continuously bringing you products and services that will keep you thrilled. Keep exploring and happy shopping!","ace4704f-330a-456b-9765-eb48d097a865","5","5","2026-08-21T08:12:52.246Z","Nice experience","0",,"https://play.google.com/store/apps/details?id=com.fsn.nykaa&reviewId=ace4704f-330a-456b-9765-eb48d097a865","https://play-lh.googleusercontent.com/a/ACg8ocJK8paapY-wmOEk9ETSN-yMTW4uD7uHDrRWnGUgHYmoKtFyuA=mo","Iqra Altaf","4.0.4"
"com.fsn.nykaa",,"2026-08-17T11:04:31.534Z","2026-08-17T11:10:54.563Z","Hi Renuka K, we request you to please email us at support@nykaa.com with your concerns so that we can have them addressed for you.","1e6aae88-dbf1-42b6-a41c-a269531a835a","1","1","2026-08-21T08:12:52.246Z","Worst experience with both delivery and customer service. My order was supposed to arrive within 2 hours, but it has taken days. Customer support kept giving repeated responses without providing a proper solution or clear delivery timeline. Very disappointing experience.","0",,"https://play.google.com/store/apps/details?id=com.fsn.nykaa&reviewId=1e6aae88-dbf1-42b6-a41c-a269531a835a","https://play-lh.googleusercontent.com/a-/ALV-UjUM-QUgOElNn4MdJ5HI8J0M6nwMnB7k18VwQcSp9dAuC-c1COtj","Renuka K","4.0.4"
"com.fsn.nykaa",,"2026-08-17T10:57:49.539Z","2026-08-17T11:04:56.600Z","Hey Arvind Lugun, thank you for taking the time to rate us!","f3b05636-fd9a-4ef4-ac93-73ba0be79641","4","4","2026-08-21T08:12:52.246Z","nice 🌟","0",,"https://play.google.com/store/apps/details?id=com.fsn.nykaa&reviewId=f3b05636-fd9a-4ef4-ac93-73ba0be79641","https://play-lh.googleusercontent.com/a/ACg8ocJU5_0ECbuj5YEqCiTQTJXKUR5lbsxRaP53USOWgAktJvqKXA=mo","Arvind Lugun","4.0.4"
"com.fsn.nykaa",,"2026-08-17T10:47:09.667Z","2026-08-17T10:52:48.748Z","Hey Baby kumari, your feedback means a lot to us. We're committed to continuously bringing you products and services that will keep you thrilled. Keep exploring and happy shopping!","98d2c6be-a0bd-4d7b-98bc-c02efb77bdbf","5","5","2026-08-21T08:12:52.246Z","good","0",,"https://play.google.com/store/apps/details?id=com.fsn.nykaa&reviewId=98d2c6be-a0bd-4d7b-98bc-c02efb77bdbf","https://play-lh.googleusercontent.com/a-/ALV-UjVsrBehYLGVvHkKvSjI4UXg1k7sqbeWfBZ37TSwcYgjs1ORTgk","Baby kumari","4.0.4"
"com.fsn.nykaa",,"2026-08-17T09:55:57.929Z","2026-08-17T10:00:33.554Z","Hey Sricharune .V, this is not how we would like you to feel about us. Kindly email us at support@nykaa.com with your concerns so that we can have them addressed for you.","9ff83cf7-cfe6-45a3-b932-8f3d6fb81809","3","3","2026-08-21T08:12:52.246Z","i got my order was too late iam so disappointed by their action i thought they will be on time and without my consent they itself changed the delivery Date but in app its showing like i changed the date","0",,"https://play.google.com/store/apps/details?id=com.fsn.nykaa&reviewId=9ff83cf7-cfe6-45a3-b932-8f3d6fb81809","https://play-lh.googleusercontent.com/a-/ALV-UjVC5pqERUVJKm9NHojb3mEtlEP161J-iV-JbgXUQij5Kn6FNY-a","Sricharune .V","3.9.5"
"com.fsn.nykaa","[{""criteria"":""vaf_app_quality_ads_presence"",""rating"":1},{""criteria"":""vaf_phase1_loyalty_program"",""rating"":1},{""criteria"":""vaf_app_quality_battery_efficiency"",""rating"":1}]","2026-08-17T09:54:00.801Z","2026-08-17T11:38:02.280Z","Hi, thank you for the amazing feedback!","8b15eead-c166-4367-95aa-92b54b32f520","5","5","2026-08-21T08:12:52.246Z","very beautiful app for beauty....","0",,"https://play.google.com/store/apps/details?id=com.fsn.nykaa&reviewId=8b15eead-c166-4367-95aa-92b54b32f520","https://play-lh.googleusercontent.com/a-/ALV-UjW9tivOQxkF3Wx7nzVI1FoLaY9D8t8YIm_OCjoQ_7IELUUgTzE5jQ","RAKESH “Kishan”",
"com.fsn.nykaa",,"2026-08-17T09:45:26.473Z","2026-08-17T09:51:27.721Z","Hey SIYA KUMARI, we regret to hear this, we'd like to know what went wrong and help you with it. We request you to email us at support@nykaa.com with your order details so that we can have this addressed for you.","7c4a1e22-b8c4-4af8-85b3-1562d7974110","1","1","2026-08-21T08:12:52.246Z","do not use this app i ordered on nykaa which is not delivered to me and I can't get my refund, nykaa's customer care service is so poor, I am very frustrated with this issue I never order anything from nykaa","0",,"https://play.google.com/store/apps/details?id=com.fsn.nykaa&reviewId=7c4a1e22-b8c4-4af8-85b3-1562d7974110","https://play-lh.googleusercontent.com/a/ACg8ocLX2up6-tuAtoTNY4Mo-BbSgf_Tz6wbFfjD_I_VXpS3CXpphA=mo","SIYA KUMARI","4.0.4"
"com.fsn.nykaa",,"2026-08-17T09:26:34.719Z","2026-08-17T11:37:00.449Z","Hi, we regret to hear this. We'd like to investigate this further. Kindly write to us via email at support@nykaa.com, so that we can have this addressed for you.","aa668159-b452-45be-82c5-59e74af1fc0f","1","1","2026-08-21T08:12:52.246Z","I have ordered a insight cosmetics and paid online but not able to see it in my orders.","0",,"https://play.google.com/store/apps/details?id=com.fsn.nykaa&reviewId=aa668159-b452-45be-82c5-59e74af1fc0f","https://play-lh.googleusercontent.com/a-/ALV-UjVJV8uximmguecSW1eYu15qYayXaNgb40OHgK2CjO5MO7Rsc29YaQ","Nikita Bamane","4.0.4"
"com.fsn.nykaa",,"2026-08-17T09:22:17.702Z","2026-08-17T09:27:18.601Z","Hey Sajita Kuhairia, we regret to hear this, we'd like to know what went wrong and help you with it. We request you to email us at support@nykaa.com with your order details so that we can have this addressed for you.","48a7fdea-4e1f-4a33-9ee5-770e5a1a64a9","1","1","2026-08-21T08:12:52.246Z","worst experience ever, it was my 1st order. Delivery agent was supposed to deliver it today and he told me he forgot to pick up the parcel. told me to mark as delivered or cancel the order","0",,"https://play.google.com/store/apps/details?id=com.fsn.nykaa&reviewId=48a7fdea-4e1f-4a33-9ee5-770e5a1a64a9","https://play-lh.googleusercontent.com/a/ACg8ocLmhMbBftRpZa5Xk8g_Tk7SBH5NaZXZWr0hszn_CaUU_7LRNg=mo","Sajita Kuhairia","4.0.4"
"com.fsn.nykaa",,"2026-08-17T09:21:00.356Z","2026-08-17T09:27:31.463Z","Hi Hura Sera, we are grateful for your feedback and will continue to strive to provide our customers with the highest quality of service and products. Keep exploring!","ee74b15b-4fa6-4bf3-9adc-6974475a1a42","5","5","2026-08-21T08:12:52.246Z","Nykaa sells the best cosmetic.","0",,"https://play.google.com/store/apps/details?id=com.fsn.nykaa&reviewId=ee74b15b-4fa6-4bf3-9adc-6974475a1a42","https://play-lh.googleusercontent.com/a/ACg8ocICJkE7RGDCVaaTwElDjSX6spoCFetYv2SsiULbdTXiwBXjcg=mo","Hura Sera","4.0.4"
"com.fsn.nykaa",,"2026-08-17T09:20:04.487Z","2026-08-17T09:27:29.596Z","Hi sumalatha suma, we are grateful for your feedback and will continue to strive to provide our customers with the highest quality of service and products. Keep exploring!","8584cbb6-3390-48e1-bbd4-de0f2360b93c","4","4","2026-08-21T08:12:52.246Z","good","0",,"https://play.google.com/store/apps/details?id=com.fsn.nykaa&reviewId=8584cbb6-3390-48e1-bbd4-de0f2360b93c","https://play-lh.googleusercontent.com/a/ACg8ocL_O9fEwuIUhGeEZ8aUF2pofaDNjkyyW_n0-iLxjUji4Kdf5w=mo","sumalatha suma","4.0.4"
"com.fsn.nykaa",,"2026-08-17T09:15:20.220Z","2026-08-17T11:35:16.531Z","Hi, thank you for the amazing feedback!","e0cde1ee-a64c-4555-b07b-cc787c51f8ee","5","5","2026-08-21T08:12:52.246Z","osm...","0",,"https://play.google.com/store/apps/details?id=com.fsn.nykaa&reviewId=e0cde1ee-a64c-4555-b07b-cc787c51f8ee","https://play-lh.googleusercontent.com/a-/ALV-UjV0fXMHhMceyTy7g_HUrI6nd0qjz-McR-e6JSimh_bAKd_3CW4Gcg","shabil Salmani","4.0.4"
"com.fsn.nykaa",,"2026-08-17T08:46:09.504Z","2026-08-17T08:51:18.722Z","Hi Ankita Kamale, we are grateful for your feedback and will continue to strive to provide our customers with the highest quality of service and products. Keep exploring!","28decd5f-267e-48d3-82f7-499bf66a682e","5","5","2026-08-21T08:12:52.246Z","best sellers, best quality, thank you nykaa","0",,"https://play.google.com/store/apps/details?id=com.fsn.nykaa&reviewId=28decd5f-267e-48d3-82f7-499bf66a682e","https://play-lh.googleusercontent.com/a/ACg8ocIpozDHQE4T5uw05s5UUYSTFqpKWqMZYHlx3kqBQeMI7HB3=mo","Ankita Kamale","4.0.4"
"com.fsn.nykaa",,"2026-08-17T08:39:26.400Z","2026-08-17T08:55:23.155Z","Hi, we regret to hear this, we'd like to know what went wrong and help you with it. Thus, we request you to kindly write to us via email at support@nykaa.com so that we can have this addressed.","8ba90593-3115-42f5-a25b-01b2fa309402","1","1","2026-08-21T08:12:52.246Z","bhut bekar aap h ager delivery nhi hota h tho ye log paisa rakh lete h or refund v nhi dete h","0",,"https://play.google.com/store/apps/details?id=com.fsn.nykaa&reviewId=8ba90593-3115-42f5-a25b-01b2fa309402","https://play-lh.googleusercontent.com/a/ACg8ocI1cZ7m6rYvLT7MYBBXhtD6qUX2HEOzjD_x8rRyyqj4BYYCzw=mo","Sonali Das","4.0.4"
"com.fsn.nykaa",,"2026-08-17T08:30:50.622Z","2026-08-17T08:36:13.218Z","Hey amrita Paul, your feedback means a lot to us. We're committed to continuously bringing you products and services that will keep you thrilled. Keep exploring and happy shopping!","e72466a5-32f7-48eb-ab32-566a5a759186","5","5","2026-08-21T08:12:52.246Z","good","0",,"https://play.google.com/store/apps/details?id=com.fsn.nykaa&reviewId=e72466a5-32f7-48eb-ab32-566a5a759186","https://play-lh.googleusercontent.com/a-/ALV-UjX5PUOG68dHiExrX0GYnhxxymXy0zlMpUoa_6fB8Iyt-Xu-WHn2","amrita Paul","4.0.4"
"com.fsn.nykaa",,"2026-08-17T08:17:13.379Z","2026-08-17T08:24:03.327Z","Hi Mohd Kaif, we are grateful for your feedback and will continue to strive to provide our customers with the highest quality of service and products. Keep exploring!","b867b6d6-c21f-45fd-97cf-028d3b842f5c","5","5","2026-08-21T08:12:52.246Z","best app","0",,"https://play.google.com/store/apps/details?id=com.fsn.nykaa&reviewId=b867b6d6-c21f-45fd-97cf-028d3b842f5c","https://play-lh.googleusercontent.com/a/ACg8ocLyD0Np9hEapEFxax942-tL9xLE8iURW0uVfeh9E2SDJoR5Og=mo","Mohd Kaif","4.0.4"
"com.fsn.nykaa","[{""criteria"":""vaf_app_quality_usability"",""rating"":1},{""criteria"":""vaf_phase1_loyalty_program"",""rating"":1},{""criteria"":""vaf_app_quality_battery_heat"",""rating"":1}]","2026-08-17T08:16:15.303Z","2026-08-17T08:23:56.801Z","Hey Joseph mahendran, this is not how we would like you to feel about us. Kindly email us at support@nykaa.com with your concerns so that we can have them addressed for you.","5ac6518e-e486-46f5-afa0-bac5e18617f1","1","1","2026-08-21T08:12:52.246Z","very poor experience in my order","0",,"https://play.google.com/store/apps/details?id=com.fsn.nykaa&reviewId=5ac6518e-e486-46f5-afa0-bac5e18617f1","https://play-lh.googleusercontent.com/a-/ALV-UjXiKSVo_wDKuB0Zs8eL4gXAq5IunUM9tweRbYGbpE85dztGIxdb","Joseph mahendran","4.0.4"
"com.fsn.nykaa","[{""criteria"":""vaf_app_quality_ads_frequency"",""rating"":1},{""criteria"":""vaf_phase1_loyalty_program"",""rating"":1},{""criteria"":""vaf_app_quality_stability"",""rating"":1}]","2026-08-17T08:07:12.272Z","2026-08-17T08:55:42.929Z","Hey, Thank you for letting us know what you think! We'll always be here to make sure we keep you happy with our products and services. Keep exploring!!","04fed112-b98a-404f-8e9f-1256db3bc9b1","5","5","2026-08-21T08:12:52.246Z","fan of every product of nykaa beauty","0",,"https://play.google.com/store/apps/details?id=com.fsn.nykaa&reviewId=04fed112-b98a-404f-8e9f-1256db3bc9b1","https://play-lh.googleusercontent.com/a-/ALV-UjWR55T4bTyA4BgNsYbMbvGdUNqVUgiNuVkFKqidLg_LghMF2M0A","Suman Yadav","4.0.3"
"com.fsn.nykaa",,"2026-08-17T08:01:22.757Z","2026-08-17T08:55:42.915Z","Hey, Thank you for letting us know what you think! We'll always be here to make sure we keep you happy with our products and services. Keep exploring!!","254419a5-5c62-49b3-9a42-94a0b150e002","3","3","2026-08-21T08:12:52.246Z","abi use, krna shuru kia hai but with discaunt good ap","0",,"https://play.google.com/store/apps/details?id=com.fsn.nykaa&reviewId=254419a5-5c62-49b3-9a42-94a0b150e002","https://play-lh.googleusercontent.com/a/ACg8ocK2MW4_5aa_4fy0IrwS2LIL_eq4YCvBVTH4gyIFJGIJYybCig=mo","Nisha Prajapati",
"com.fsn.nykaa",,"2026-08-17T07:58:31.306Z","2026-08-17T08:03:50.614Z","Hi, thank you for the amazing feedback","c7558a9c-f528-4a7e-b890-ef0e9fb74658","5","5","2026-08-21T08:12:52.246Z","excellent","0",,"https://play.google.com/store/apps/details?id=com.fsn.nykaa&reviewId=c7558a9c-f528-4a7e-b890-ef0e9fb74658","https://play-lh.googleusercontent.com/a-/ALV-UjViK1_2zJDWM8CQJM4OVic9DMKqok2WnqNeWElUYE8x91dGVT3f","Aiswarya B","4.0.4"
"com.fsn.nykaa",,"2026-08-17T07:53:36.631Z","2026-08-17T07:59:49.322Z","Hey Ruthi Chorei, this is not how we would like you to feel about us. Kindly email us at support@nykaa.com with your concerns so that we can have them addressed for you.","39efb1e3-3aaf-4153-8776-6a560f4410b8","1","1","2026-08-21T08:12:52.246Z","on my first order i order on 13august and they delayed it multiple times and now they told me they are returning back to the warehouse......Nykaa i request you to to return and deliver it back again","0",,"https://play.google.com/store/apps/details?id=com.fsn.nykaa&reviewId=39efb1e3-3aaf-4153-8776-6a560f4410b8","https://play-lh.googleusercontent.com/a-/ALV-UjWDhNd8BWd6Zex_TWKvRkGfrWhn3Twah_uyAf6ADxN-r35ebGhDrQ","Ruthi Chorei","4.0.4"
"com.fsn.nykaa","[{""criteria"":""vaf_app_quality_visual_appeal"",""rating"":2},{""criteria"":""vaf_app_quality_usability"",""rating"":2},{""criteria"":""vaf_phase1_loyalty_program"",""rating"":2}]","2026-08-17T07:49:11.631Z","2026-08-17T07:56:46.629Z","Hi Amita DasGupta, we request you to please email us at support@nykaa.com with your concerns so that we can have them addressed for you.","c061f002-bb3c-4b2a-9f2f-cb1f418de4a2","1","1","2026-08-21T08:12:52.246Z","they provide wrong product. dont take cancellation request. sends msgs again &anain.. not the app for all.. too much bad experience i have.","0",,"https://play.google.com/store/apps/details?id=com.fsn.nykaa&reviewId=c061f002-bb3c-4b2a-9f2f-cb1f418de4a2","https://play-lh.googleusercontent.com/a-/ALV-UjXuflSt8QpDgXlRxqpGiAmoV_PGRqNVpV2SZVpmydjBMmnxtNTh","Amita DasGupta","4.0.4"
"com.fsn.nykaa","[{""criteria"":""vaf_app_quality_usability"",""rating"":1},{""criteria"":""vaf_app_quality_battery_heat"",""rating"":2},{""criteria"":""vaf_phase1_loyalty_program"",""rating"":1}]","2026-08-17T07:37:16.835Z","2026-08-17T07:44:51.162Z","Hey Prashant Singh, thank you for taking the time to rate us!","1a98cd25-9a2b-460c-97c6-983eaae70900","5","5","2026-08-21T08:12:52.246Z","Man love the nykaa there delivery is super fast and very efficient man i live in a hilly area where usually orders arrive a bit late even flipkart , Amazon are no match for nykaa i order my things and they arrive the next day or one day later that's pretty crazy for me .😘","0",,"https://play.google.com/store/apps/details?id=com.fsn.nykaa&reviewId=1a98cd25-9a2b-460c-97c6-983eaae70900","https://play-lh.googleusercontent.com/a-/ALV-UjWYgYifcjo6GyT5VNRdYM0hxvxlyzZq49GGyx7dwRwYfLp92xxs","Prashant Singh","4.0.4"
"com.fsn.nykaa",,"2026-08-17T07:32:52.263Z","2026-08-17T07:38:39.441Z","Hey #Balwaysbeutiful, we regret to hear this, we'd like to know what went wrong and help you with it. We request you to email us at support@nykaa.com with your order details so that we can have this addressed for you.","6afcb18e-6ed9-41b8-8b6c-22eafea8d885","1","1","2026-08-21T08:12:52.246Z","Product shades shown on website is not matching I have order dark shade but it is not dark in shade , it is clearly visible, very shameful and pathetic service , first they are sending unsealed product and when custome raised return they denyed and reason they are sharing we didn't receive opend product then why you bloody sending the unpacked /unsealed product to the customer #scammers, #fraud #nykaafraud #pathetic","0",,"https://play.google.com/store/apps/details?id=com.fsn.nykaa&reviewId=6afcb18e-6ed9-41b8-8b6c-22eafea8d885","https://play-lh.googleusercontent.com/a-/ALV-UjXZU9_vUodyscBsguAp3CBuH7QPcplf4ESCCpltYyhMCN63qeVjaA","#Balwaysbeutiful","4.0.4"
"com.fsn.nykaa",,"2026-08-17T07:07:46.413Z","2026-08-17T07:14:41.411Z","Hey MANILA SHARMA, your feedback means a lot to us. We're committed to continuously bringing you products and services that will keep you thrilled. Keep exploring and happy shopping!","6019f01b-2e2a-4ae1-b1e6-e1499aa69e77","5","5","2026-08-21T08:12:52.246Z","nayka is the best discount","0",,"https://play.google.com/store/apps/details?id=com.fsn.nykaa&reviewId=6019f01b-2e2a-4ae1-b1e6-e1499aa69e77","https://play-lh.googleusercontent.com/a/ACg8ocIPMdD2Ws_toyrfE0b7-ugQKVIHMHtNwkB-M_V64W8l2iB469g=mo","MANILA SHARMA","4.0.4"
"com.fsn.nykaa",,"2026-08-17T07:00:57.700Z","2026-08-17T07:05:36.888Z","Hey Sumit, your feedback means a lot to us. We're committed to continuously bringing you products and services that will keep you thrilled. Keep exploring and happy shopping!","e944773f-761c-4139-aab2-d405ee8352c4","5","5","2026-08-21T08:12:52.246Z","good","0",,"https://play.google.com/store/apps/details?id=com.fsn.nykaa&reviewId=e944773f-761c-4139-aab2-d405ee8352c4","https://play-lh.googleusercontent.com/a/ACg8ocIuY6m3Pf-isB4mi9ArQMEFX7gCZ8s0rHKMz9-ze6-7ueSn9w=mo","Sumit","4.0.4"
"com.fsn.nykaa",,"2026-08-17T06:21:27.770Z","2026-08-17T06:26:24.595Z","Hi NainaAqsa123 Chdry, we are grateful for your feedback and will continue to strive to provide our customers with the highest quality of service and products. Keep exploring!","b58cd568-e5a4-45de-8f41-b293da4f089b","5","5","2026-08-21T08:12:52.246Z","nice","0",,"https://play.google.com/store/apps/details?id=com.fsn.nykaa&reviewId=b58cd568-e5a4-45de-8f41-b293da4f089b","https://play-lh.googleusercontent.com/a/ACg8ocJAmWtOH_Zo7gYLF3tfNwj5zH6PlcGpqikdoSYFCwA1fd96aw=mo","NainaAqsa123 Chdry","4.0.4"
"com.fsn.nykaa",,"2026-08-17T06:19:57.481Z","2026-08-17T08:04:12.673Z","Hi, thank you for the amazing feedback!","b650c58e-d861-4281-8559-9cc4073cb776","5","5","2026-08-21T08:12:52.246Z","quality products","0",,"https://play.google.com/store/apps/details?id=com.fsn.nykaa&reviewId=b650c58e-d861-4281-8559-9cc4073cb776","https://play-lh.googleusercontent.com/a/ACg8ocLp61NO_i3R8vkabGBlsNkAILuqMEZlhWSwcOqEQGjO7bWkow=mo","Angel Varghese","4.0.4"
"com.fsn.nykaa",,"2026-08-17T06:18:37.211Z","2026-08-17T08:03:29.101Z","Hi, thank you for the amazing feedback!","161deea1-6244-44a9-a56e-ea30e0a20f36","4","4","2026-08-21T08:12:52.246Z","Very gud service and offers","0",,"https://play.google.com/store/apps/details?id=com.fsn.nykaa&reviewId=161deea1-6244-44a9-a56e-ea30e0a20f36","https://play-lh.googleusercontent.com/a-/ALV-UjUPYv5RNqpFQlR7VRak4k9KSibILmQocZHLFjh34EiB8vmnfbDpyQ","Mumtaz Merchant","4.0.4"
"com.fsn.nykaa",,"2026-08-17T06:07:32.635Z","2026-08-17T08:02:45.962Z","Hi, thank you for the rating!","b9e18526-719e-46c7-9907-da71bd89c55e","5","5","2026-08-21T08:12:52.246Z","5 Star","0",,"https://play.google.com/store/apps/details?id=com.fsn.nykaa&reviewId=b9e18526-719e-46c7-9907-da71bd89c55e","https://play-lh.googleusercontent.com/a-/ALV-UjXjS3iedNLeZpSz-jToMV7_tOooayWRBWgXY7gpFDxskBdzouM","Pinku Patel","4.0.4"
"com.fsn.nykaa",,"2026-08-17T05:55:26.674Z","2026-08-17T08:55:23.127Z","Hi, we regret to hear this, we'd like to know what went wrong and help you with it. Thus, we request you to kindly write to us via email at support@nykaa.com so that we can have this addressed.","34ab2116-3738-481f-bf71-6fcd22ecb6d4","3","3","2026-08-21T08:12:52.246Z","try delivery same day","0",,"https://play.google.com/store/apps/details?id=com.fsn.nykaa&reviewId=34ab2116-3738-481f-bf71-6fcd22ecb6d4","https://play-lh.googleusercontent.com/a/ACg8ocLUi_rFO8k9KZjX7rPR6Qfpo0K2NiWXBdown5IkQFJtRiwUIg=mo","ketan dengda","4.0.4"
"com.fsn.nykaa",,"2026-08-17T05:37:33.364Z","2026-08-17T05:43:04.450Z","Hey Dinesh Reddy, your feedback means a lot to us. We're committed to continuously bringing you products and services that will keep you thrilled. Keep exploring and happy shopping!","a788b4eb-eaa4-4938-ad64-b58f20f34b53","5","5","2026-08-21T08:12:52.246Z","good","0",,"https://play.google.com/store/apps/details?id=com.fsn.nykaa&reviewId=a788b4eb-eaa4-4938-ad64-b58f20f34b53","https://play-lh.googleusercontent.com/a/ACg8ocIsX81UWvvr-VrtmTExgPZWgW5ZXYUf80Y12gaSQN4N8n5hfw=mo","Dinesh Reddy","4.0.4"
"com.fsn.nykaa",,"2026-08-17T05:05:31.294Z","2026-08-17T05:12:30.695Z","Hey Karthika Prem, we regret to hear this, we'd like to know what went wrong and help you with it. We request you to email us at support@nykaa.com with your order details so that we can have this addressed for you.","77ea951c-c502-41b4-adfd-e333e2a65d06","1","1","2026-08-21T08:12:52.246Z","This is honestly the WORST app I have ever used. Day by day, my order keeps getting delayed, and there is still no proper update or resolution. The product has STILL not been delivered. This kind of service is extremely disappointing and frustrating.","0",,"https://play.google.com/store/apps/details?id=com.fsn.nykaa&reviewId=77ea951c-c502-41b4-adfd-e333e2a65d06","https://play-lh.googleusercontent.com/a-/ALV-UjWB4WhyNaaII4kUVkUCe0NSONnm4zh3vKM5N6GG_rXIUhZJzAVK","Karthika Prem",
"com.fsn.nykaa",,"2026-08-17T05:05:06.777Z","2026-08-17T08:01:40.516Z","Hi, thank you for the amazing feedback!","fe0dc844-c262-4281-9dd9-d3853216a377","2","2","2026-08-21T08:12:52.246Z","nice product trusted original","0",,"https://play.google.com/store/apps/details?id=com.fsn.nykaa&reviewId=fe0dc844-c262-4281-9dd9-d3853216a377","https://play-lh.googleusercontent.com/a/ACg8ocKpcaSvBehuVgdQGEQoyY0uvSvA5KQqo-EagX5cGeHYNH89=mo","Shaad Qureshi","4.0.4"
"com.fsn.nykaa",,"2026-08-17T04:50:43.615Z","2026-08-17T04:56:54.893Z","Hey Asgari, your feedback means a lot to us. We're committed to continuously bringing you products and services that will keep you thrilled. Keep exploring and happy shopping!","c4529b79-c01b-4351-a0c2-bd9bf144fe86","5","5","2026-08-21T08:12:52.246Z","nice app","0",,"https://play.google.com/store/apps/details?id=com.fsn.nykaa&reviewId=c4529b79-c01b-4351-a0c2-bd9bf144fe86","https://play-lh.googleusercontent.com/a/ACg8ocKN17eS1exRDuQ-z5ykQ-9tQWDAUU8sK2gkIDcgORoWJdtfKQ=mo","Asgari",
"com.fsn.nykaa",,"2026-08-17T04:27:44.953Z","2026-08-17T04:32:32.279Z","Hey khushi kumari, thank you for taking the time to rate us!","c8e66dc6-b914-47e8-8193-e2f85265a9f3","5","5","2026-08-21T08:12:52.246Z","nice 👍","0",,"https://play.google.com/store/apps/details?id=com.fsn.nykaa&reviewId=c8e66dc6-b914-47e8-8193-e2f85265a9f3","https://play-lh.googleusercontent.com/a-/ALV-UjW0dVgUooeIS0sDsVNHsu_rljaQy6wHqG6Vloq0iZBejF2a6gFh","khushi kumari","4.0.4"
"com.fsn.nykaa",,"2026-08-17T04:24:06.739Z","2026-08-17T04:52:12.340Z","Hey, thank you for taking the time to share your feedback. Happy Shopping!","a8d68417-3eff-4d83-8f9b-63ca9828a5c2","5","5","2026-08-21T08:12:52.246Z","Nykaa one of the greatest app ⭐️⭐️⭐️⭐️⭐️","0",,"https://play.google.com/store/apps/details?id=com.fsn.nykaa&reviewId=a8d68417-3eff-4d83-8f9b-63ca9828a5c2","https://play-lh.googleusercontent.com/a/ACg8ocI9ivqNbFYIqrDx-PvUsrFGY3PnL3TgAEF5RQ0VhZaNxu3gWw=mo","Subhojit Adhikari",
"com.fsn.nykaa",,"2026-08-17T04:21:09.233Z","2026-08-17T04:52:26.776Z","Hey, this is not how we would like you to feel about us. We request you email us at support@nykaa.com with your order details so that we can have this addressed for you.","e5fe3fa4-403b-4c50-ae58-512bbbfe587a","2","2","2026-08-21T08:12:52.246Z","Nykaa is not working on my phone. It keeps showing “Nykaa is unavailable in your country.” I am unable to access the app. Please fix this issue as soon as possible.","0",,"https://play.google.com/store/apps/details?id=com.fsn.nykaa&reviewId=e5fe3fa4-403b-4c50-ae58-512bbbfe587a","https://play-lh.googleusercontent.com/a-/ALV-UjVbGFs9fI7rjEN88KkQe7Cf_rSaDPHPzCfBk7awfmN8OslxBfF3","Best Gamer channel",
"com.fsn.nykaa",,"2026-08-17T04:21:07.142Z","2026-08-17T04:26:29.454Z","Hi Miss Palak, we are grateful for your feedback and will continue to strive to provide our customers with the highest quality of service and products. Keep exploring!","b78af941-8242-49ff-9f5e-59fa5c117dbc","5","5","2026-08-21T08:12:52.246Z","nice 👍","0",,"https://play.google.com/store/apps/details?id=com.fsn.nykaa&reviewId=b78af941-8242-49ff-9f5e-59fa5c117dbc","https://play-lh.googleusercontent.com/a/ACg8ocJpGpHJQRokYfzBKq71UufbG2AcuKK5STHlDQwm7HwBKaBmyg=mo","Miss Palak","4.0.4"
"com.fsn.nykaa",,"2026-08-17T04:20:14.949Z","2026-08-17T04:52:44.000Z","Hey, thank you for taking the time to share your feedback. Happy Shopping!","65efa11d-354c-4ae8-8f7c-0b2ac9ff86cb","5","5","2026-08-21T08:12:52.246Z","my go to app for any makeup solution","0",,"https://play.google.com/store/apps/details?id=com.fsn.nykaa&reviewId=65efa11d-354c-4ae8-8f7c-0b2ac9ff86cb","https://play-lh.googleusercontent.com/a-/ALV-UjXKQKeO1KWgDsKaffMoW4jH7ismKKiWL1xyhxos92TaY-gd1lM","Nehl Khanna","4.0.4"
"com.fsn.nykaa",,"2026-08-17T04:14:40.282Z","2026-08-17T04:20:25.416Z","Hey Suraj Shukla, your feedback means a lot to us. We're committed to continuously bringing you products and services that will keep you thrilled. Keep exploring and happy shopping!","64ab8aa3-45e9-431d-aea7-e036e3d8a8fe","5","5","2026-08-21T08:12:52.246Z","good","0",,"https://play.google.com/store/apps/details?id=com.fsn.nykaa&reviewId=64ab8aa3-45e9-431d-aea7-e036e3d8a8fe","https://play-lh.googleusercontent.com/a/ACg8ocJG3fC6PZZ4ItQKLBH0uH3u88-ADw0pCoLk7eN4cbCpWAZqFw=mo","Suraj Shukla","4.0.4"
"com.fsn.nykaa",,"2026-08-17T04:10:52.687Z","2026-08-17T04:17:22.925Z","Hi Perter Boje, we are grateful for your feedback and will continue to strive to provide our customers with the highest quality of service and products. Keep exploring!","4b657b7b-76e1-49ef-97c9-bc36a6cfbcf5","5","5","2026-08-21T08:12:52.246Z","good","0",,"https://play.google.com/store/apps/details?id=com.fsn.nykaa&reviewId=4b657b7b-76e1-49ef-97c9-bc36a6cfbcf5","https://play-lh.googleusercontent.com/a-/ALV-UjWOSaCQNEq4XMUFQWaJTGS2ND0-JBF-RTBZVqbojbpj8fESLrOt","Perter Boje","4.0.4"
"com.fsn.nykaa",,"2026-08-17T04:04:05.180Z","2026-08-17T04:11:18.822Z","Hey Raj Tiwari, your feedback means a lot to us. We're committed to continuously bringing you products and services that will keep you thrilled. Keep exploring and happy shopping!","77d4506a-d6e3-4837-a6ef-42221bc39dac","5","5","2026-08-21T08:12:52.246Z","it is best","0",,"https://play.google.com/store/apps/details?id=com.fsn.nykaa&reviewId=77d4506a-d6e3-4837-a6ef-42221bc39dac","https://play-lh.googleusercontent.com/a/ACg8ocIhUQ4ErgmbGVsN9F52AQWTH3EGo3AiY1Kfch1IsK7uHz12MQ=mo","Raj Tiwari","4.0.4"
"com.fsn.nykaa",,"2026-08-17T04:01:01.588Z","2026-08-17T04:08:15.922Z","Hi Ramesh Patel, we are grateful for your feedback and will continue to strive to provide our customers with the highest quality of service and products. Keep exploring!","78b000b8-1333-4dcd-b092-a00e11cb6741","5","5","2026-08-21T08:12:52.246Z","very nice 👍","0",,"https://play.google.com/store/apps/details?id=com.fsn.nykaa&reviewId=78b000b8-1333-4dcd-b092-a00e11cb6741","https://play-lh.googleusercontent.com/a-/ALV-UjVi6Spv9BzBegp7UGuN_5Vl3FOwL_BqfC-kP-9jcds0vj4NlWq0Rw","Ramesh Patel","4.0.4"
"com.fsn.nykaa",,"2026-08-17T03:28:47.331Z","2026-08-17T03:35:07.881Z","Hey Kalpnitish, your feedback means a lot to us. We're committed to continuously bringing you products and services that will keep you thrilled. Keep exploring and happy shopping!","16842f78-8fb1-41ed-aa7c-6c258ec587fb","4","4","2026-08-21T08:12:52.246Z","nice product","0",,"https://play.google.com/store/apps/details?id=com.fsn.nykaa&reviewId=16842f78-8fb1-41ed-aa7c-6c258ec587fb","https://play-lh.googleusercontent.com/a/ACg8ocL628bKecCrXkHXmzVU5hYccRdBzlvwx4SupZVCzOB7ihkcVA=mo","Kalpnitish","4.0.4"
"com.fsn.nykaa","[{""criteria"":""vaf_app_quality_performance"",""rating"":1},{""criteria"":""vaf_app_quality_usability"",""rating"":1},{""criteria"":""vaf_app_quality_ads_intrusiveness"",""rating"":3}]","2026-08-17T03:23:58.431Z","2026-08-17T03:29:04.602Z","Hey Janani Chinnadurai, thank you for taking the time to rate us!","8ef7dc95-29c2-424a-a1b6-ad09e343bc93","4","4","2026-08-21T08:12:52.246Z","All the makeup products good quality and quantity... i love it...","0",,"https://play.google.com/store/apps/details?id=com.fsn.nykaa&reviewId=8ef7dc95-29c2-424a-a1b6-ad09e343bc93","https://play-lh.googleusercontent.com/a-/ALV-UjWcFrmMYIF34CohTixKjP7s8KEdkC1zITscitGhNWPAdZz90y9wFg","Janani Chinnadurai","4.0.4"
"com.fsn.nykaa",,"2026-08-17T03:00:50.950Z","2026-08-17T03:07:54.765Z","Hey Debatro Saha, your feedback means a lot to us. We're committed to continuously bringing you products and services that will keep you thrilled. Keep exploring and happy shopping!","52c436de-39fc-4b19-9f27-bc97c5e2a3bd","5","5","2026-08-21T08:12:52.246Z","Excellent","0",,"https://play.google.com/store/apps/details?id=com.fsn.nykaa&reviewId=52c436de-39fc-4b19-9f27-bc97c5e2a3bd","https://play-lh.googleusercontent.com/a-/ALV-UjVufyFEsEWLorHpNIl-pSJcCeZkJq2moP5EP-zi8_BYWxpA5Gkh","Debatro Saha","4.0.4"
"com.fsn.nykaa",,"2026-08-17T02:56:58.155Z","2026-08-17T03:01:49.549Z","Hey Barakha Gogoi, thank you for taking the time to rate us!","1dd2ffcb-28c4-45e3-92e6-013dc923dda0","4","4","2026-08-21T08:12:52.246Z","good","0",,"https://play.google.com/store/apps/details?id=com.fsn.nykaa&reviewId=1dd2ffcb-28c4-45e3-92e6-013dc923dda0","https://play-lh.googleusercontent.com/a/ACg8ocKgUIcWDH1CYHIlr5Wc-pb3F9EiBxosSLgCZ0ATI0QEw4JT6s4=mo","Barakha Gogoi","4.0.4"
"com.fsn.nykaa",,"2026-08-17T02:50:54.648Z","2026-08-17T04:52:59.260Z","Hey, thank you for taking the time to share your feedback. Happy Shopping!","58d526aa-841b-4470-9d6f-c16d91ba31d7","5","5","2026-08-21T08:12:52.246Z","👍","0",,"https://play.google.com/store/apps/details?id=com.fsn.nykaa&reviewId=58d526aa-841b-4470-9d6f-c16d91ba31d7","https://play-lh.googleusercontent.com/a/ACg8ocKZUk4qxPketMQ2V3cQklvylq3xjxFyZHogd8UqLIG8SSJlNQ=mo","reetdhot","4.0.4"
"com.fsn.nykaa",,"2026-08-17T01:29:27.863Z","2026-08-17T04:53:23.259Z","Hi, we appreciate your wonderful feedback!","e9f33ec6-492d-496e-875d-2c4aea9c04df","5","5","2026-08-21T08:12:52.246Z","im makeup artist i like all products in nykaa","0",,"https://play.google.com/store/apps/details?id=com.fsn.nykaa&reviewId=e9f33ec6-492d-496e-875d-2c4aea9c04df","https://play-lh.googleusercontent.com/a-/ALV-UjULSY1CLvi7NBLubPvZjcIhV9Vo0rlvefFJ7kwtlfJFuMlekkPp","prathapa chari .R","4.0.4"
"com.fsn.nykaa",,"2026-08-17T01:15:47.755Z","2026-08-17T01:21:55.131Z","Hey kanak lata, thank you for taking the time to rate us!","1fb57bec-5b59-4930-91fc-60fcbcc919c4","5","5","2026-08-21T08:12:52.246Z","great experience 🥰👍🏻👍🏻dear nayka pls provide Roc under eye cream, and ordinary matrixyl soon pls.","0",,"https://play.google.com/store/apps/details?id=com.fsn.nykaa&reviewId=1fb57bec-5b59-4930-91fc-60fcbcc919c4","https://play-lh.googleusercontent.com/a/ACg8ocJCWS9D3c1Z4xVilpISITJobbE6QzecVYGt8ZKHLusHvWBmcA=mo","kanak lata","4.0.4"
"com.fsn.nykaa",,"2026-08-17T01:08:29.122Z","2026-08-17T01:15:41.912Z","Hi Narmada Gamango (Sn.1920), we are grateful for your feedback and will continue to strive to provide our customers with the highest quality of service and products. Keep exploring!","e0a1d7ee-a486-405b-9dae-ee7b0af37075","5","5","2026-08-21T08:12:52.246Z","very good","0",,"https://play.google.com/store/apps/details?id=com.fsn.nykaa&reviewId=e0a1d7ee-a486-405b-9dae-ee7b0af37075","https://play-lh.googleusercontent.com/a-/ALV-UjX6ZII-q5F9rgqTQKHrlyFft99SH-5jtqfKj53oI4OABCiwI3To","Narmada Gamango (Sn.1920)","4.0.4"
"com.fsn.nykaa",,"2026-08-16T21:04:30.528Z","2026-08-16T21:11:18.305Z","Hi Meet Rana, we are grateful for your feedback and will continue to strive to provide our customers with the highest quality of service and products. Keep exploring!","4a680f9e-2eb3-4c25-bb8e-5f2bce841e2f","5","5","2026-08-21T08:12:52.246Z","nice","0",,"https://play.google.com/store/apps/details?id=com.fsn.nykaa&reviewId=4a680f9e-2eb3-4c25-bb8e-5f2bce841e2f","https://play-lh.googleusercontent.com/a/ACg8ocIwNZiAmKb4WIX2LbFpr2xuoOmFR7NAVX1cVXaeP9ugLoyESA=mo","Meet Rana","4.0.4"
"com.fsn.nykaa",,"2026-08-16T20:04:01.778Z","2026-08-16T20:10:51.188Z","Hey Abhishek Yadav monu, your feedback means a lot to us. We're committed to continuously bringing you products and services that will keep you thrilled. Keep exploring and happy shopping!","334f7ce1-2330-4ef3-9d91-52760060eb34","5","5","2026-08-21T08:12:52.246Z","good","0",,"https://play.google.com/store/apps/details?id=com.fsn.nykaa&reviewId=334f7ce1-2330-4ef3-9d91-52760060eb34","https://play-lh.googleusercontent.com/a-/ALV-UjWReKnAW5Se2JAZIvlEiZjdpiRHOe2W_HBS4JNy4NBOQqQmQodK","Abhishek Yadav monu","4.0.4"
"com.fsn.nykaa",,"2026-08-16T19:52:40.516Z","2026-08-17T04:54:01.603Z","Hey, this is not how we would like you to feel about us. We request you email us at support@nykaa.com with your order details so that we can have this addressed for you.","153f3711-69dc-422a-9602-eb7dedc1611e","1","1","2026-08-21T08:12:52.246Z","Just now I saw a discount of 15% on products above ₹500 and till now there was also a timer of 1 hour and suddenly everything was the same amount but no discount was visible, meaning you have done an absolute amazing job. I want that discount huhhh😑","0",,"https://play.google.com/store/apps/details?id=com.fsn.nykaa&reviewId=153f3711-69dc-422a-9602-eb7dedc1611e","https://play-lh.googleusercontent.com/a/ACg8ocLuRYOPAWwr95BXnVWw_aDKeS2IDNLyC_N1ntJWPP0N5y3S9g=mo","Sugra Khatoon",
"com.fsn.nykaa",,"2026-08-16T19:51:04.432Z","2026-08-16T19:58:47.960Z","Hi Subi Parveen, we are grateful for your feedback and will continue to strive to provide our customers with the highest quality of service and products. Keep exploring!","243b50ca-39c8-44bc-8fbc-4b9aaa965477","5","5","2026-08-21T08:12:52.246Z","too good experience 😉","0",,"https://play.google.com/store/apps/details?id=com.fsn.nykaa&reviewId=243b50ca-39c8-44bc-8fbc-4b9aaa965477","https://play-lh.googleusercontent.com/a/ACg8ocKeylWTM75K1jeXAxXBa4T_57uFJa3-_OH9AS2nQRwkgHkQtA=mo","Subi Parveen","4.0.4"
"com.fsn.nykaa",,"2026-08-16T19:49:05.931Z","2026-08-16T19:55:44.625Z","Hey Thendral Thendral, thank you for taking the time to rate us!","c6ab3926-8961-4391-a31f-f782bf46c1d5","5","5","2026-08-21T08:12:52.246Z","good 👍","0",,"https://play.google.com/store/apps/details?id=com.fsn.nykaa&reviewId=c6ab3926-8961-4391-a31f-f782bf46c1d5","https://play-lh.googleusercontent.com/a-/ALV-UjVSMUn3Sw9NP1j-ufthB-fwSIYirm0qFaGyzE6zX-6Vk1293odt","Thendral Thendral","4.0.4"
"com.fsn.nykaa",,"2026-08-16T19:45:00.818Z","2026-08-16T19:52:41.677Z","Hey Anjana Yadav, your feedback means a lot to us. We're committed to continuously bringing you products and services that will keep you thrilled. Keep exploring and happy shopping!","eb5d6b74-b649-425c-b5f5-732fb3dfdd41","5","5","2026-08-21T08:12:52.246Z","good","0",,"https://play.google.com/store/apps/details?id=com.fsn.nykaa&reviewId=eb5d6b74-b649-425c-b5f5-732fb3dfdd41","https://play-lh.googleusercontent.com/a/ACg8ocITb0BCeQlZgsXulw442pVUt7I8G8w5yymovbt2_NrKGr2O1Q=mo","Anjana Yadav","4.0.4"
"com.fsn.nykaa",,"2026-08-16T19:39:00.859Z","2026-08-16T19:46:34.908Z","Hey Anjali Anjali, thank you for taking the time to rate us!","c4cf877e-03c0-4a3d-b174-d3b94d61d522","5","5","2026-08-21T08:12:52.246Z","excellent","0",,"https://play.google.com/store/apps/details?id=com.fsn.nykaa&reviewId=c4cf877e-03c0-4a3d-b174-d3b94d61d522","https://play-lh.googleusercontent.com/a/ACg8ocKyKaEqqk08QlBkdQEhZoethRTPyPWJmtNhybVgl2cVpVXVew=mo","Anjali Anjali","4.0.4"
"com.fsn.nykaa",,"2026-08-16T19:33:06.469Z","2026-08-16T19:40:31.418Z","Hi Durga Mahendra Das, we are grateful for your feedback and will continue to strive to provide our customers with the highest quality of service and products. Keep exploring!","282537a2-dc78-4b07-a781-c88e1d049648","4","4","2026-08-21T08:12:52.246Z","Good stuff is available, the stuff is very useful.","0",,"https://play.google.com/store/apps/details?id=com.fsn.nykaa&reviewId=282537a2-dc78-4b07-a781-c88e1d049648","https://play-lh.googleusercontent.com/a-/ALV-UjW4k78C6aIymtv9X0vSDhWoOzXyd31LU7UBPKAWKrYY53BCzJQ","Durga Mahendra Das","4.0.4"
"com.fsn.nykaa",,"2026-08-16T19:13:56.413Z","2026-08-17T04:55:10.527Z","Hey, this is not how we would like you to feel about us. We request you email us at support@nykaa.com with your order details so that we can have this addressed for you.","694b674c-1342-4013-b20a-b19883e70d68","2","2","2026-08-21T08:12:52.246Z","very slow app","0",,"https://play.google.com/store/apps/details?id=com.fsn.nykaa&reviewId=694b674c-1342-4013-b20a-b19883e70d68","https://play-lh.googleusercontent.com/a/ACg8ocJWHcoNXvzv6itEQZa2j72OWLCewkht7Y4PLBvvN9kspOplVQ=mo","Sharin Rahman",
"com.fsn.nykaa",,"2026-08-16T19:09:10.682Z","2026-08-16T19:16:22.402Z","Hey Archi Senapati, your feedback means a lot to us. We're committed to continuously bringing you products and services that will keep you thrilled. Keep exploring and happy shopping!","724f5b99-f8fb-4776-8c47-904fa1ea4aef","5","5","2026-08-21T08:12:52.246Z","amazing","0",,"https://play.google.com/store/apps/details?id=com.fsn.nykaa&reviewId=724f5b99-f8fb-4776-8c47-904fa1ea4aef","https://play-lh.googleusercontent.com/a/ACg8ocJpgVszIXkraXfwgJ9uO6m20F5I9CMMa7cpJ4KXXUeTZMCcbw=mo","Archi Senapati","4.0.4"
"com.fsn.nykaa",,"2026-08-16T18:34:07.795Z","2026-08-17T04:55:26.695Z","Hi, we appreciate your wonderful feedback!","29a0bf77-79f7-45b9-b9c0-e284b1c338d7","5","5","2026-08-21T08:12:52.246Z","I am very happy 😊","0",,"https://play.google.com/store/apps/details?id=com.fsn.nykaa&reviewId=29a0bf77-79f7-45b9-b9c0-e284b1c338d7","https://play-lh.googleusercontent.com/a-/ALV-UjUhn9BT-Hz1XUXM8L4kWMAgzp9RNH-mVFRF_uiWcDvLUY7V12sV","ANSHIKA SINGH","4.0.4"
"com.fsn.nykaa",,"2026-08-16T18:22:12.121Z","2026-08-16T18:28:05.864Z","Hi Sunita Shekhawat, we are grateful for your feedback and will continue to strive to provide our customers with the highest quality of service and products. Keep exploring!","19a9fb3a-74db-4397-a443-1354dd7a44dc","4","4","2026-08-21T08:12:52.246Z","very nice","0",,"https://play.google.com/store/apps/details?id=com.fsn.nykaa&reviewId=19a9fb3a-74db-4397-a443-1354dd7a44dc","https://play-lh.googleusercontent.com/a-/ALV-UjUra741dlSsnwanjf7avzFpFubX6DWDmmwHP4gqD4sNmHj14A2G","Sunita Shekhawat","4.0.4"
"com.fsn.nykaa",,"2026-08-16T18:20:43.191Z","2026-08-16T18:27:54.783Z","Hi Maryam Uzma, we are grateful for your feedback and will continue to strive to provide our customers with the highest quality of service and products. Keep exploring!","2eea9bf7-631c-46bd-94fd-fe558703e260","5","5","2026-08-21T08:12:52.246Z","awesome","0",,"https://play.google.com/store/apps/details?id=com.fsn.nykaa&reviewId=2eea9bf7-631c-46bd-94fd-fe558703e260","https://play-lh.googleusercontent.com/a/ACg8ocKUQyvuBOcaZgRrXOMGOEPctAkl6ou2wQHd5q4e86DUtrcY3g=mo","Maryam Uzma","4.0.4"
"com.fsn.nykaa","[{""criteria"":""vaf_app_quality_performance"",""rating"":2},{""criteria"":""vaf_phase1_loyalty_program"",""rating"":2},{""criteria"":""vaf_app_quality_ads_presence"",""rating"":2}]","2026-08-16T18:14:44.110Z","2026-08-16T18:20:24.630Z","Hey Garima Singh, we regret to hear this, we'd like to know what went wrong and help you with it. We request you to email us at support@nykaa.com with your order details so that we can have this addressed for you.","39e4fa0f-1ca8-404b-915b-09c6346bd01a","1","1","2026-08-21T08:12:52.246Z","Absolutely pathetic service! This is the THIRD time my Nykaa order has failed to reach me. Every time, they falsely mark me as “unavailable” even though I’m at home—no delivery partner comes, no proper call is made, and eventually the order gets cancelled. Now I haven’t even received my refund. Customer service is completely useless. Every time I contact them, I get the same scripted “we understand how you feel” response, but nobody actually knows where my order is or gives any proper solution.","0",,"https://play.google.com/store/apps/details?id=com.fsn.nykaa&reviewId=39e4fa0f-1ca8-404b-915b-09c6346bd01a","https://play-lh.googleusercontent.com/a-/ALV-UjWa-pHONcrLGWIguqaJ02pLLZtkcfjwKGazXYsxTGjjwSuJ2P0tdw","Garima Singh","4.0.4"
"com.fsn.nykaa",,"2026-08-16T17:52:28.908Z","2026-08-16T17:59:08.888Z","Hi Shinu Khan! We are sorry to hear about this. Please highlight this concern to us at support@nykaa.com, so the team can assist you with this.","36f205cf-979a-4084-b646-14ca280a0707","3","3","2026-08-21T08:12:52.246Z","prodact badia aaye uske bad review dete he","0",,"https://play.google.com/store/apps/details?id=com.fsn.nykaa&reviewId=36f205cf-979a-4084-b646-14ca280a0707","https://play-lh.googleusercontent.com/a-/ALV-UjV8BB1JZPvXGchwJzQPWzWTPDP1ajXtDYNMH4_MG8DDUbBLLt0z","Shinu Khan","4.0.4"
"com.fsn.nykaa",,"2026-08-16T17:50:37.720Z","2026-08-17T04:56:08.267Z","Hi, we appreciate your wonderful feedback!","e6d48b17-8544-43c0-9dd7-69326ae35e53","4","4","2026-08-21T08:12:52.246Z","ok","0",,"https://play.google.com/store/apps/details?id=com.fsn.nykaa&reviewId=e6d48b17-8544-43c0-9dd7-69326ae35e53","https://play-lh.googleusercontent.com/a-/ALV-UjWbuuuN2w0pplTr5hOdHZgdRmJdPD9FtIWqKKucouye7D01Rqvy","Ms Khan parihar",
"com.fsn.nykaa",,"2026-08-16T17:49:45.525Z","2026-08-16T17:54:28.805Z","Hey Jyotsana Shahi, your feedback means a lot to us. We're committed to continuously bringing you products and services that will keep you thrilled. Keep exploring and happy shopping!","75555126-2196-464b-ba4f-78c9a1e1bc19","5","5","2026-08-21T08:12:52.246Z","nice","0",,"https://play.google.com/store/apps/details?id=com.fsn.nykaa&reviewId=75555126-2196-464b-ba4f-78c9a1e1bc19","https://play-lh.googleusercontent.com/a/ACg8ocLzFbPKCTY-QtN64w9ov-SZ1P9L2pTLP7P4D_4ETKkiOhVkQA=mo","Jyotsana Shahi","4.0.4"
"com.fsn.nykaa",,"2026-08-16T17:48:51.178Z","2026-08-16T17:53:04.226Z","Hey Pragati Jaiswal, this is not how we would like you to feel about us. Kindly email us at support@nykaa.com with your concerns so that we can have them addressed for you.","6d242892-8557-4d7f-b822-c30b74af7fb1","1","1","2026-08-21T08:12:52.246Z","Nykaa a fraudulent beauty app , pathetic customer support. While placing an order they will show you the delivery in the next 2 days but post placing the order; delivery is delayed by 20 days and ultimately the prepaid order gets cancelled. I am a Platinum member and usually I do 20K shopping yearly from this app. However, post this experience I will use Myntra. They have much better discounts, great delivery and customer support which Nykaa can't afford in there Pink beauty sales.","1",,"https://play.google.com/store/apps/details?id=com.fsn.nykaa&reviewId=6d242892-8557-4d7f-b822-c30b74af7fb1","https://play-lh.googleusercontent.com/a-/ALV-UjWiKowxk4z2k4Fsx64egZaK0UXyzf2e6dU2ub_lAxf8WiqY5J84","Pragati Jaiswal","4.0.4"
"com.fsn.nykaa",,"2026-08-16T17:45:53.303Z","2026-08-17T04:56:33.710Z","Hi, we appreciate your wonderful feedback!","924caa7e-2da2-4d7b-a81a-23f1de90dd77","2","2","2026-08-21T08:12:52.246Z","Saman aane ke bad hi bata sakte hain kaisa hai Saman","0",,"https://play.google.com/store/apps/details?id=com.fsn.nykaa&reviewId=924caa7e-2da2-4d7b-a81a-23f1de90dd77","https://play-lh.googleusercontent.com/a/ACg8ocL_ypX9LgbOSr7584pNemPD0MHYGsIYwnwfnu1YN85g5VUkRg=mo","Shivani","4.0.4"
"com.fsn.nykaa",,"2026-08-16T17:39:53.898Z","2026-08-16T17:45:20.563Z","Hey Kaur Uppal, your feedback means a lot to us. We're committed to continuously bringing you products and services that will keep you thrilled. Keep exploring and happy shopping!","17afd342-a45c-4bfd-abb5-1ca2d0038a2b","4","4","2026-08-21T08:12:52.246Z","very good","0",,"https://play.google.com/store/apps/details?id=com.fsn.nykaa&reviewId=17afd342-a45c-4bfd-abb5-1ca2d0038a2b","https://play-lh.googleusercontent.com/a/ACg8ocKqEOgX1jwTPO0KdInGw3NG2t_vu5Z2StPgRQh-dW73e01YFA=mo","Kaur Uppal","4.0.4"
"com.fsn.nykaa",,"2026-08-16T17:35:27.812Z","2026-08-17T04:57:59.606Z","Hey, this is not how we would like you to feel about us. We request you email us at support@nykaa.com with your order details so that we can have this addressed for you.","666c0254-6848-4bf7-8e3a-67e139df89ab","3","3","2026-08-21T08:12:52.246Z","no additional discount given as promised","0",,"https://play.google.com/store/apps/details?id=com.fsn.nykaa&reviewId=666c0254-6848-4bf7-8e3a-67e139df89ab","https://play-lh.googleusercontent.com/a-/ALV-UjUpSUjBEdznR68vbgmoY6aHLzMbuwAFoXzrjkolfhqdYJEzvw","Shweta Agrawal","4.0.4"
"com.fsn.nykaa",,"2026-08-16T17:35:03.346Z","2026-08-16T17:42:17.729Z","Hi Munne Mishra, we are grateful for your feedback and will continue to strive to provide our customers with the highest quality of service and products. Keep exploring!","4ec2523f-3677-455f-8367-2d1556fead85","5","5","2026-08-21T08:12:52.246Z","good","0",,"https://play.google.com/store/apps/details?id=com.fsn.nykaa&reviewId=4ec2523f-3677-455f-8367-2d1556fead85","https://play-lh.googleusercontent.com/a-/ALV-UjV0jgZilgllfPTzpiygfYEER9vq2Sp1NEh-_7NlkxQzCX1XUA0","Munne Mishra","4.0.4"
"com.fsn.nykaa",,"2026-08-16T17:23:44.806Z","2026-08-17T04:58:18.549Z","Hi, we appreciate your wonderful feedback!","cde06395-ccf0-4754-b7ee-631495a34464","3","3","2026-08-21T08:12:52.246Z","Good Service","0",,"https://play.google.com/store/apps/details?id=com.fsn.nykaa&reviewId=cde06395-ccf0-4754-b7ee-631495a34464","https://play-lh.googleusercontent.com/a/ACg8ocI9mzCpDt0PPaMyRcbdGg664CRxxeaykVeLSW-JJFy7zZcu8Q=mo","Aiza Khan","4.0.4"
"com.fsn.nykaa",,"2026-08-16T17:19:21.741Z","2026-08-17T04:58:34.985Z","Hi, thank you for the amazing feedback! Keep exploring!","8f381276-b8f9-48b0-a966-cb088aee5640","5","5","2026-08-21T08:12:52.246Z","bestt","0",,"https://play.google.com/store/apps/details?id=com.fsn.nykaa&reviewId=8f381276-b8f9-48b0-a966-cb088aee5640","https://play-lh.googleusercontent.com/a/ACg8ocIO9KomcSzLAe4GAveJbOw5JucHjW21aD92UR8ehN-8xobBTg=mo","achal meshram","3.9.9"
"com.fsn.nykaa",,"2026-08-16T17:15:33.580Z","2026-08-17T04:58:56.600Z","Hi, we appreciate your wonderful feedback!","a2a5c078-546f-4be5-b1a8-7899ba5c2e48","3","3","2026-08-21T08:12:52.246Z","gud","0",,"https://play.google.com/store/apps/details?id=com.fsn.nykaa&reviewId=a2a5c078-546f-4be5-b1a8-7899ba5c2e48","https://play-lh.googleusercontent.com/a-/ALV-UjXWduQrUXmU46Caqcby_mRnqWcmES3wWnwOSP7mmN8ChGxZmpvd","M K","4.0.4"
"com.fsn.nykaa",,"2026-08-16T17:13:41.388Z","2026-08-16T17:18:09.505Z","Hey Krrish 114433, your feedback means a lot to us. We're committed to continuously bringing you products and services that will keep you thrilled. Keep exploring and happy shopping!","ac4e756d-e3c7-423d-9863-6bfb43fd6173","4","4","2026-08-21T08:12:52.246Z","wow nice product very well","0",,"https://play.google.com/store/apps/details?id=com.fsn.nykaa&reviewId=ac4e756d-e3c7-423d-9863-6bfb43fd6173","https://play-lh.googleusercontent.com/a-/ALV-UjX8eXC1rYw268gBbyoOfywSXMHOkWXZecqnFp5RLJhBEdHfVayadg","Krrish 114433","4.0.4"
"com.fsn.nykaa",,"2026-08-16T16:39:46.927Z","2026-08-17T04:59:26.811Z","Hi, thank you for the amazing feedback! Keep exploring!","498e5704-e53f-42d9-a438-8ced47a44415","5","5","2026-08-21T08:12:52.246Z","loved it","0",,"https://play.google.com/store/apps/details?id=com.fsn.nykaa&reviewId=498e5704-e53f-42d9-a438-8ced47a44415","https://play-lh.googleusercontent.com/a/ACg8ocK5Tjy9cCx0_IsOxi-10707BGcCjGqN1JXT_z7TWhv3KryM8g=mo","Anshu Sharma",
"com.fsn.nykaa",,"2026-08-16T16:35:48.467Z","2026-08-16T16:41:07.730Z","Hey DIPIKA KIRTANIA, your feedback means a lot to us. We're committed to continuously bringing you products and services that will keep you thrilled. Keep exploring and happy shopping!","7ff04dae-2d7d-40d5-a1be-4248487e8a68","5","5","2026-08-21T08:12:52.246Z","good","0",,"https://play.google.com/store/apps/details?id=com.fsn.nykaa&reviewId=7ff04dae-2d7d-40d5-a1be-4248487e8a68","https://play-lh.googleusercontent.com/a-/ALV-UjXR-nehmvtCabti2sPm8MmX9eQy0W5NvsmJB83FNw5Ido_OJRqd","DIPIKA KIRTANIA","4.0.3"
"com.fsn.nykaa","[{""criteria"":""vaf_phase1_loyalty_program"",""rating"":1}]","2026-08-16T16:32:18.963Z","2026-08-17T05:04:13.478Z","Hi, we regret to hear this. We'd like to investigate this further. Kindly write to us via email at support@nykaa.com, so that we can have this addressed for you.","e7e53d98-d882-4528-a0c9-c910f878e89d","1","1","2026-08-21T08:12:52.246Z","Time say kuch nahi deta hain . help center main call karne k bad work karta hain fir ruk jata hain thik say responsibility nehi leta Hain , maine 8th August ko order Kiya delevery date thi 10th august 12th August kia uske bad 14th August kia aj 16 tarik nahi mila avi tak .mujhko 8- 10 daye say asehi delevery date delay karthi ja raha hain mane online payment kia delevery vi nahi or refund vi nahi . ghatiya app hain yea . 2nd time asa hua mare sath . wrost felling","0",,"https://play.google.com/store/apps/details?id=com.fsn.nykaa&reviewId=e7e53d98-d882-4528-a0c9-c910f878e89d","https://play-lh.googleusercontent.com/a-/ALV-UjUnOgL8y_ZEP4st_9UKQrHmjVaDBXbE9U0OvKcd2APbLD8pd_zq","Arpita Daw","4.0.4"
"com.fsn.nykaa",,"2026-08-16T16:28:36.408Z","2026-08-16T16:35:00.489Z","Hey Barsha Mondal, thank you for taking the time to rate us!","16a1c8cc-6adb-4b80-9be7-198adb9979cc","4","4","2026-08-21T08:12:52.246Z","Good for skin care products ✨️","0",,"https://play.google.com/store/apps/details?id=com.fsn.nykaa&reviewId=16a1c8cc-6adb-4b80-9be7-198adb9979cc","https://play-lh.googleusercontent.com/a-/ALV-UjXkZaVWS9QwCG6-CQd5XCRAU0pBnSv73xfQKBbJatBDAZLHMOY","Barsha Mondal","4.0.4"
"com.fsn.nykaa","[{""criteria"":""vaf_app_quality_usability"",""rating"":1},{""criteria"":""vaf_app_quality_battery_heat"",""rating"":2},{""criteria"":""vaf_app_quality_battery_efficiency"",""rating"":2}]","2026-08-16T16:08:38.596Z","2026-08-16T16:13:52.763Z","Hey Sabir Khan, your feedback means a lot to us. We're committed to continuously bringing you products and services that will keep you thrilled. Keep exploring and happy shopping!","08698756-b2b9-453a-91a1-dc3dbbb61e0a","5","5","2026-08-21T08:12:52.246Z","very nice 👍","0",,"https://play.google.com/store/apps/details?id=com.fsn.nykaa&reviewId=08698756-b2b9-453a-91a1-dc3dbbb61e0a","https://play-lh.googleusercontent.com/a/ACg8ocKf9citRtvo-7z02ysyzNxL4ODLxrs3AsTGgJOJQ61f8a2kzQ=mo","Sabir Khan","4.0.4"
"com.fsn.nykaa","[{""criteria"":""vaf_phase1_loyalty_program"",""rating"":2},{""criteria"":""vaf_app_quality_ads_intrusiveness"",""rating"":2},{""criteria"":""vaf_app_quality_stability"",""rating"":3}]","2026-08-16T15:51:47.415Z","2026-08-17T05:00:03.491Z","Hey, we regret to hear this, we'd like to know what went wrong and help you with it. We request you to email us at support@nykaa.com with your order details so that we can have this addressed for you.","ad6a2045-041d-485b-b180-8565f04dbd6f","1","1","2026-08-21T08:12:52.246Z","don't deliver on time. not loyal to the customers.","0",,"https://play.google.com/store/apps/details?id=com.fsn.nykaa&reviewId=ad6a2045-041d-485b-b180-8565f04dbd6f","https://play-lh.googleusercontent.com/a/ACg8ocIb56d96b45oUyZVaoEfnUl707JklS3pbC6EgBmFdephnl5yw=mo","Tulika Debnath","4.0.4"
"com.fsn.nykaa",,"2026-08-16T15:42:32.487Z","2026-08-16T15:49:45.440Z","Hey Pradeep S, thank you for taking the time to rate us!","4d7de0b7-1f16-48bc-88f4-a1b38b9a25cd","4","4","2026-08-21T08:12:52.246Z","good","0",,"https://play.google.com/store/apps/details?id=com.fsn.nykaa&reviewId=4d7de0b7-1f16-48bc-88f4-a1b38b9a25cd","https://play-lh.googleusercontent.com/a-/ALV-UjXpMeowZWViBheNCnhSzW_hfnJ4Gk16NgIerZ2UU-N_pbQAgSEbxQ","Pradeep S","4.0.4"
"com.fsn.nykaa",,"2026-08-16T15:38:25.808Z","2026-08-16T15:43:40.681Z","Hi Saritha Saritha, we are grateful for your feedback and will continue to strive to provide our customers with the highest quality of service and products. Keep exploring!","2e73e705-7009-4eb7-90b2-c56faf0e19ee","5","5","2026-08-21T08:12:52.246Z","good app","0",,"https://play.google.com/store/apps/details?id=com.fsn.nykaa&reviewId=2e73e705-7009-4eb7-90b2-c56faf0e19ee","https://play-lh.googleusercontent.com/a/ACg8ocKZ8aq2s8fVy4ey6bdjDQcL0OGjkiaxxc9UJMlHWrLFeLkB2w=mo","Saritha Saritha",
"com.fsn.nykaa",,"2026-08-16T15:36:25.697Z","2026-08-16T15:43:33.664Z","Hi Pooja Prajapati, we are grateful for your feedback and will continue to strive to provide our customers with the highest quality of service and products. Keep exploring!","9ce45a61-d882-40bc-9f3f-0c03da636808","5","5","2026-08-21T08:12:52.246Z","very good product","0",,"https://play.google.com/store/apps/details?id=com.fsn.nykaa&reviewId=9ce45a61-d882-40bc-9f3f-0c03da636808","https://play-lh.googleusercontent.com/a/ACg8ocJnK0aAhqXNs0-v8IM2-uvTFg6AWIXSCXmJc1xSjN_giZd59g=mo","Pooja Prajapati","4.0.4"
"com.fsn.nykaa",,"2026-08-16T15:25:43.732Z","2026-08-16T15:31:23.638Z","Hey Shifa Shaikh, thank you for taking the time to rate us!","48e2641f-edcb-4deb-87fe-dcfd21e2e87a","5","5","2026-08-21T08:12:52.246Z","nice","0",,"https://play.google.com/store/apps/details?id=com.fsn.nykaa&reviewId=48e2641f-edcb-4deb-87fe-dcfd21e2e87a","https://play-lh.googleusercontent.com/a/ACg8ocJ8I1hxKShos7etTg3-Sxm-w441UdMMPynNTpaWjXkm800oZaA=mo","Shifa Shaikh","4.0.4"
"com.fsn.nykaa",,"2026-08-16T15:20:46.477Z","2026-08-17T05:01:12.271Z","Hi, thank you for the amazing feedback! Keep exploring!","974d89a9-a69d-44b0-bd8c-78698c9c1a7e","5","5","2026-08-21T08:12:52.246Z","very affordable","0",,"https://play.google.com/store/apps/details?id=com.fsn.nykaa&reviewId=974d89a9-a69d-44b0-bd8c-78698c9c1a7e","https://play-lh.googleusercontent.com/a-/ALV-UjX0xn0pAV0jJT07aTIa55CHvjnsVYQNxK01AyB90tKCwx_GQ6E","Geeta Patel","4.0.4"
"com.fsn.nykaa",,"2026-08-16T15:10:24.542Z","2026-08-17T05:01:30.602Z","Hi, thank you for the amazing feedback! Keep exploring!","d19414b2-b4c8-4311-8b03-cfa468a7faa5","4","4","2026-08-21T08:12:52.246Z","Mast app hai","0",,"https://play.google.com/store/apps/details?id=com.fsn.nykaa&reviewId=d19414b2-b4c8-4311-8b03-cfa468a7faa5","https://play-lh.googleusercontent.com/a-/ALV-UjXUGRct36nyyGy__EC--R89FWA3GRg9sA2ATZ-7Z9pFcF2-gbY","SATYAPAL SINGH","4.0.4"
"com.fsn.nykaa","[{""criteria"":""vaf_app_quality_ads_intrusiveness"",""rating"":2},{""criteria"":""vaf_phase1_loyalty_program"",""rating"":1},{""criteria"":""vaf_app_quality_usability"",""rating"":2}]","2026-08-16T15:07:27.643Z","2026-08-16T15:12:58.435Z","Hi Debalina ghosh, we request you to please email us at support@nykaa.com with your concerns so that we can have them addressed for you.","720252c8-7078-472c-ab27-b2c18de4eba5","1","1","2026-08-21T08:12:52.246Z","nowadays nykaa service has become pathetic...i ordered from there twice and i am yet to receive a full order. on my first order even after 10-15 days my order was not delivered,upon asking they said the products can't be delivered as it has damage. they didn't bother to inform me,and kept on updating that those products will deliver soon.after placing the 2nd order, one of the item was damaged and asked for replacement,they took the damaged product but never replaced and now not refunding..","1",,"https://play.google.com/store/apps/details?id=com.fsn.nykaa&reviewId=720252c8-7078-472c-ab27-b2c18de4eba5","https://play-lh.googleusercontent.com/a-/ALV-UjXzdjVKAucHjKspmGHbYb3L6GYEDPcQerkbK5U5zA0nRw4Bc06M","Debalina ghosh","4.0.4"
"com.fsn.nykaa",,"2026-08-16T15:04:38.689Z","2026-08-17T05:03:11.344Z","Hi, thank you for the amazing feedback!","2e2054e9-3275-4c68-a635-8b7fe348ab64","5","5","2026-08-21T08:12:52.246Z","I like Nykaa app.","0",,"https://play.google.com/store/apps/details?id=com.fsn.nykaa&reviewId=2e2054e9-3275-4c68-a635-8b7fe348ab64","https://play-lh.googleusercontent.com/a-/ALV-UjVAyEd9RY2sUpIjf5IKSlIk3_IuWU7rv9wA7UwRyyvcOLY1zYH7","Samulu Krishna","4.0.4"
"com.fsn.nykaa",,"2026-08-16T15:03:46.294Z","2026-08-17T05:02:36.485Z","Hi, we regret to hear this. We'd like to investigate this further. Kindly write to us via email at support@nykaa.com, so that we can have this addressed for you.","d5484126-aa51-47d8-9ca4-a6dd2f5a15cb","1","1","2026-08-21T08:12:52.246Z","Theif ... Took 400rs mine ..","0",,"https://play.google.com/store/apps/details?id=com.fsn.nykaa&reviewId=d5484126-aa51-47d8-9ca4-a6dd2f5a15cb","https://play-lh.googleusercontent.com/a-/ALV-UjXt4dTNJKsMOYEj_v4qsnKEaTSBqIGx9viDF8ebjPuO_egcDkOvWg","Tabi'yah","4.0.4"
"com.fsn.nykaa",,"2026-08-16T14:53:04.930Z","2026-08-16T14:58:04.748Z","Hi ROSHINI M, we are grateful for your feedback and will continue to strive to provide our customers with the highest quality of service and products. Keep exploring!","3fd62298-2c25-4a29-8346-c20810d9ff37","5","5","2026-08-21T08:12:52.246Z","good","0",,"https://play.google.com/store/apps/details?id=com.fsn.nykaa&reviewId=3fd62298-2c25-4a29-8346-c20810d9ff37","https://play-lh.googleusercontent.com/a/ACg8ocIfDxQ00pgTVTlysU_TuuCEZOCpNL5HJ-BIXLmHkaOUj2IDow=mo","ROSHINI M","4.0.1"
"com.fsn.nykaa",,"2026-08-16T14:50:15.830Z","2026-08-16T14:55:01.292Z","Hey Vaishali Masurkar, thank you for taking the time to rate us!","bf57801c-8320-48c6-bf1e-156e989c3ca7","5","5","2026-08-21T08:12:52.246Z","Good","0",,"https://play.google.com/store/apps/details?id=com.fsn.nykaa&reviewId=bf57801c-8320-48c6-bf1e-156e989c3ca7","https://play-lh.googleusercontent.com/a/ACg8ocJnIX30ZaeqvAAYQWyLJ1oxCcpn3A3VU087lpjQZBH6kJMbqg=mo","Vaishali Masurkar","4.0.4"
"com.fsn.nykaa",,"2026-08-16T14:43:00.902Z","2026-08-16T14:48:57.947Z","Hi Vivek Kumar, we are grateful for your feedback and will continue to strive to provide our customers with the highest quality of service and products. Keep exploring!","b6c3da6a-5501-4a27-b598-53d1de7f9381","4","4","2026-08-21T08:12:52.246Z","nice first experience","0",,"https://play.google.com/store/apps/details?id=com.fsn.nykaa&reviewId=b6c3da6a-5501-4a27-b598-53d1de7f9381","https://play-lh.googleusercontent.com/a-/ALV-UjX8phQBGVDCl78g3DiNP2U4Psq2_w_QL8BW5e6-adgQxKJY5y71","Vivek Kumar","4.0.4"
"com.fsn.nykaa",,"2026-08-16T14:25:39.684Z","2026-08-17T05:01:27.915Z","Hi, thank you for the amazing feedback!","036c1cfa-6153-4ca3-aedf-cd1114f08f51","4","4","2026-08-21T08:12:52.246Z","nyc product","0",,"https://play.google.com/store/apps/details?id=com.fsn.nykaa&reviewId=036c1cfa-6153-4ca3-aedf-cd1114f08f51","https://play-lh.googleusercontent.com/a/ACg8ocK_tRBu82UjWIw4GowpsroupMBHoUQVhBACZms6fevPfBjxiQ=mo","Samreen Jahan","4.0.3"
"com.fsn.nykaa",,"2026-08-16T14:20:56.677Z","2026-08-16T14:27:49.770Z","Hey Manish Chavan, thank you for taking the time to rate us!","ef42f663-0d10-4110-a061-1d539cd00f0c","5","5","2026-08-21T08:12:52.246Z","best app","0",,"https://play.google.com/store/apps/details?id=com.fsn.nykaa&reviewId=ef42f663-0d10-4110-a061-1d539cd00f0c","https://play-lh.googleusercontent.com/a-/ALV-UjVhWYlYiOwhRfacy3bwM1IKDfnn-Q814jWmrf30TKGbRcl4yeyd5w","Manish Chavan","4.0.4"
"com.fsn.nykaa",,"2026-08-16T14:08:24.688Z","2026-08-17T05:00:27.740Z","Hi, we regret to hear this. We'd like to investigate this further. Kindly write to us via email at support@nykaa.com, so that we can have this addressed for you.","711eb97d-42b4-4b3d-99be-54aa5d5581ba","1","1","2026-08-21T08:12:52.246Z","I was told to get a buy 1 get 1 free but didn't receive it even after i complainted in the customer care,they didn't address my issues it not just about how I didn't get 1 free but about how lenient the customer service was","0",,"https://play.google.com/store/apps/details?id=com.fsn.nykaa&reviewId=711eb97d-42b4-4b3d-99be-54aa5d5581ba","https://play-lh.googleusercontent.com/a-/ALV-UjXy1q7IeBpX6mpa3TcqTP89P0WoBKbA3NXxR3apa72CLHDWQLHD","Shameela Shahin","4.0.4"
"com.fsn.nykaa","[{""criteria"":""vaf_phase1_loyalty_program"",""rating"":2}]","2026-08-16T14:08:00.313Z","2026-08-17T05:00:03.990Z","Hi, we regret to hear this. We'd like to investigate this further. Kindly write to us via email at support@nykaa.com, so that we can have this addressed for you.","18334ae0-dfbe-4121-ae78-1b5eb13b6215","1","1","2026-08-21T08:12:52.246Z","Very Disappointing Freedom Sale Experience I’m an 8-year-old Nykaa customer. On 15th August, I placed a ₹3,000+ order with a ₹400 benefit. Shockingly, on 16th August, the benefit became ₹500 for the same order value. Customer care refused any compensation. The issue isn’t ₹100—it’s fairness and transparency. Think twice before trusting “big sale” offers!","0",,"https://play.google.com/store/apps/details?id=com.fsn.nykaa&reviewId=18334ae0-dfbe-4121-ae78-1b5eb13b6215","https://play-lh.googleusercontent.com/a-/ALV-UjUHwKNVOlxVuK7FFlEW1E7vCfwhSi2VDOaiWCr9daRks3BbhC1C","Diksha walia","4.0.4"
"com.fsn.nykaa",,"2026-08-16T14:07:18.837Z","2026-08-16T14:12:42.689Z","Hi Sangita Debbarma, we are grateful for your feedback and will continue to strive to provide our customers with the highest quality of service and products. Keep exploring!","93bfc3ee-3cf6-4efa-91d2-4390d3419f20","5","5","2026-08-21T08:12:52.246Z","nykaa is always best for me🩷","1",,"https://play.google.com/store/apps/details?id=com.fsn.nykaa&reviewId=93bfc3ee-3cf6-4efa-91d2-4390d3419f20","https://play-lh.googleusercontent.com/a-/ALV-UjXTWPoWn-qaeEOTEHCPDBBm97kTCDpWFPhN4C9fRWOJaB84VqYlVg","Sangita Debbarma","4.0.4"
"com.fsn.nykaa",,"2026-08-16T13:59:05.400Z","2026-08-16T14:05:27.803Z","Hey ꧁•shivam࿐, your feedback means a lot to us. We're committed to continuously bringing you products and services that will keep you thrilled. Keep exploring and happy shopping!","e12682bc-de40-4d86-9db1-0b14af5978e4","4","4","2026-08-21T08:12:52.247Z","i seems good and very useful app for skincare thinks and all all things are the 🥀✌🏻","0",,"https://play.google.com/store/apps/details?id=com.fsn.nykaa&reviewId=e12682bc-de40-4d86-9db1-0b14af5978e4","https://play-lh.googleusercontent.com/a-/ALV-UjXTCmHqmkR9m1TtQvg1Qgxm2YICVJzjUPY7u1yqA0iq0geYLDLU","꧁•shivam࿐",
"com.fsn.nykaa",,"2026-08-16T13:38:01.524Z","2026-08-16T13:44:08.274Z","Hi Sk Kalo kahn, we are grateful for your feedback and will continue to strive to provide our customers with the highest quality of service and products. Keep exploring!","97f37569-a29b-41cb-8bbc-df2adeffa9e4","5","5","2026-08-21T08:12:52.247Z","WOW","0",,"https://play.google.com/store/apps/details?id=com.fsn.nykaa&reviewId=97f37569-a29b-41cb-8bbc-df2adeffa9e4","https://play-lh.googleusercontent.com/a/ACg8ocIOJsRrBznwWtsEAB0EEwYCStZkD5Hxjht5V6SezcXZp6NY0w=mo","Sk Kalo kahn","4.0.4"
"com.fsn.nykaa",,"2026-08-16T13:25:21.467Z","2026-08-17T04:59:35.693Z","Hi, we regret to hear this. We'd like to investigate this further. Kindly write to us via email at support@nykaa.com, so that we can have this addressed for you.","3339b4b4-8fa3-4f3a-990f-d5605a946466","1","1","2026-08-21T08:12:52.247Z","Thirdclass app customer service also doesn't reply.","0",,"https://play.google.com/store/apps/details?id=com.fsn.nykaa&reviewId=3339b4b4-8fa3-4f3a-990f-d5605a946466","https://play-lh.googleusercontent.com/a-/ALV-UjV3qrgXKJbi7Pz_Rae58wABmyoRGGab8RL-Utyb-wj2jbLBULvhyw","Shubham Ghaware","4.0.4"
"com.fsn.nykaa",,"2026-08-16T13:13:18.348Z","2026-08-16T13:19:39.970Z","Hey Kavya Saini, your feedback means a lot to us. We're committed to continuously bringing you products and services that will keep you thrilled. Keep exploring and happy shopping!","b92a94c9-f4f5-4e44-91b0-bc114b4b5799","5","5","2026-08-21T08:12:52.247Z","good","0",,"https://play.google.com/store/apps/details?id=com.fsn.nykaa&reviewId=b92a94c9-f4f5-4e44-91b0-bc114b4b5799","https://play-lh.googleusercontent.com/a/ACg8ocI_dPoNPqakGV60SdFv69U2fVUZCcF7h1zLd6iDk0XwcAjWlw=mo","Kavya Saini","4.0.4"
"com.fsn.nykaa",,"2026-08-16T13:08:11.147Z","2026-08-16T13:13:36.848Z","Hey Neha Kajaniya, thank you for taking the time to rate us!","c57e26e7-28c8-4184-a4dc-aca74c8f8223","4","4","2026-08-21T08:12:52.247Z","good discount every time when I order","0",,"https://play.google.com/store/apps/details?id=com.fsn.nykaa&reviewId=c57e26e7-28c8-4184-a4dc-aca74c8f8223","https://play-lh.googleusercontent.com/a-/ALV-UjV5XuCiqgHinqWei_AGgOG26s6WsD4cmtGxfurbJDXse5pW1TPW","Neha Kajaniya","4.0.4"
"com.fsn.nykaa",,"2026-08-16T12:48:31.897Z","2026-08-17T04:59:03.721Z","Hi, we regret to hear this. We'd like to investigate this further. Kindly write to us via email at support@nykaa.com, so that we can have this addressed for you.","223e4a17-1acf-4000-a252-0e14e736dcec","1","1","2026-08-21T08:12:52.247Z","nowadays orders don't getting delivered continuously..idk what happened to nykaa","0",,"https://play.google.com/store/apps/details?id=com.fsn.nykaa&reviewId=223e4a17-1acf-4000-a252-0e14e736dcec","https://play-lh.googleusercontent.com/a/ACg8ocIpcs9Ya8fdNmXNEYy3QuTstICclvxPMF42QwsOAla8upfQjg=mo","Adnan","4.0.4"
"com.fsn.nykaa",,"2026-08-16T12:40:52.734Z","2026-08-17T04:58:03.705Z","Hi, we have taken note of your feedback and will share it with our teams.","b8b4b49d-502b-4bfa-bab3-1bec6924a34b","2","2","2026-08-21T08:12:52.247Z","coupon codes are very less","0",,"https://play.google.com/store/apps/details?id=com.fsn.nykaa&reviewId=b8b4b49d-502b-4bfa-bab3-1bec6924a34b","https://play-lh.googleusercontent.com/a/ACg8ocLZ_YU8ItO9DK5gXf0gdzVG5-s9NgMrEBckadN0VXjHy0zBS1E=mo","Divya Bhat","4.0.4"
"com.fsn.nykaa",,"2026-08-16T12:38:50.495Z","2026-08-17T04:57:17.191Z","Hi, thank you for the amazing feedback!","50ec122c-4f62-4102-9d1d-cd2797bb126c","3","3","2026-08-21T08:12:52.247Z","good","0",,"https://play.google.com/store/apps/details?id=com.fsn.nykaa&reviewId=50ec122c-4f62-4102-9d1d-cd2797bb126c","https://play-lh.googleusercontent.com/a-/ALV-UjUCt578djI1RtGUdyhl0nZ_9qoS3l7U2jusHwC7GaPYDlcSAkyE","Sreebhadra P.b","4.0.4"
"com.fsn.nykaa",,"2026-08-16T12:13:56.583Z","2026-08-16T12:19:06.338Z","Hey Dillip Sethi, thank you for taking the time to rate us!","858c5f8c-b910-4a36-89c8-a3dbabce6d2a","5","5","2026-08-21T08:12:52.247Z","very nice app","0",,"https://play.google.com/store/apps/details?id=com.fsn.nykaa&reviewId=858c5f8c-b910-4a36-89c8-a3dbabce6d2a","https://play-lh.googleusercontent.com/a-/ALV-UjVGyGc6uJUddfM13wjpbgE9S4yoXBGMUhGD8a0SF_4XQJ-Xohzp-A","Dillip Sethi","4.0.4"
"com.fsn.nykaa",,"2026-08-16T12:03:31.491Z","2026-08-16T12:10:01.628Z","Hey Laxmikumar Sainimmu, thank you for taking the time to rate us!","b69a7bca-24a0-4e0b-b16b-6f304bc74111","5","5","2026-08-21T08:12:52.247Z","nice","0",,"https://play.google.com/store/apps/details?id=com.fsn.nykaa&reviewId=b69a7bca-24a0-4e0b-b16b-6f304bc74111","https://play-lh.googleusercontent.com/a-/ALV-UjU8WHiZE82gE-75C282219E9CSHdkX5NYM62WA0yqfC899hwSG4","Laxmikumar Sainimmu",
"com.fsn.nykaa",,"2026-08-16T12:02:15.121Z","2026-08-16T12:09:59.145Z","Hey Raj Sardar, thank you for taking the time to rate us!","a436d32c-06c0-4fec-8793-2226e3435b20","5","5","2026-08-21T08:12:52.247Z","Nice","0",,"https://play.google.com/store/apps/details?id=com.fsn.nykaa&reviewId=a436d32c-06c0-4fec-8793-2226e3435b20","https://play-lh.googleusercontent.com/a/ACg8ocIgIOYIALNCB8QQKxXqpESakTOIjb4I7nf3Yp7p2iD3DcDexQ=mo","Raj Sardar","4.0.4"
"com.fsn.nykaa",,"2026-08-16T12:02:13.384Z","2026-08-16T12:09:57.231Z","Hey Neha Agarwal, thank you for taking the time to rate us!","8f3113cf-ce04-41d9-bff9-5ee8f6039d73","4","4","2026-08-21T08:12:52.247Z","good","0",,"https://play.google.com/store/apps/details?id=com.fsn.nykaa&reviewId=8f3113cf-ce04-41d9-bff9-5ee8f6039d73","https://play-lh.googleusercontent.com/a/ACg8ocKc2igXWGX4dJq7DHwOM8sFU_MJXFNn6hfDIITF0uJCrJ1u8Q=mo","Neha Agarwal","4.0.4"
"com.fsn.nykaa",,"2026-08-16T11:50:06.450Z","2026-08-17T04:56:17.573Z","Hi, thank you for the rating!","fc186657-3290-49ec-9e88-421a01fba02a","5","5","2026-08-21T08:12:52.247Z","can order from Nykaa blindly","0",,"https://play.google.com/store/apps/details?id=com.fsn.nykaa&reviewId=fc186657-3290-49ec-9e88-421a01fba02a","https://play-lh.googleusercontent.com/a/ACg8ocICSbkqyk4Z1DxJl8IW7JISj9nmzJKn0Z8j5Oql4qa_YptDZg=mo","Sugandha Saxena","4.0.4"
"com.fsn.nykaa",,"2026-08-16T11:31:34.379Z","2026-08-16T11:36:34.123Z","Hi Mimi Sharmistha, we are grateful for your feedback and will continue to strive to provide our customers with the highest quality of service and products. Keep exploring!","5a37e952-36c1-4cf1-a8d3-566a06afa810","5","5","2026-08-21T08:12:52.247Z","l love this App more than 10 years, easy to access and payments ... Thank you Nykaa ....","0",,"https://play.google.com/store/apps/details?id=com.fsn.nykaa&reviewId=5a37e952-36c1-4cf1-a8d3-566a06afa810","https://play-lh.googleusercontent.com/a-/ALV-UjX2xWtV4XELORS5swaeMqPQdwaQCfCnJpsqb_jI9nLplRKiMy0","Mimi Sharmistha","4.0.4"
"com.fsn.nykaa",,"2026-08-16T11:28:53.112Z","2026-08-16T11:33:31.535Z","Hey kurshi sha, thank you for taking the time to rate us!","1e2436dd-592e-4cbc-a925-f59c400004c3","5","5","2026-08-21T08:12:52.247Z","good","0",,"https://play.google.com/store/apps/details?id=com.fsn.nykaa&reviewId=1e2436dd-592e-4cbc-a925-f59c400004c3","https://play-lh.googleusercontent.com/a-/ALV-UjUTEokpHytLRvoOfVB2weY-z6nZkTSCd2CvfOyNmPc4Cdf-NL8","kurshi sha","4.0.4"
"com.fsn.nykaa",,"2026-08-16T11:19:36.345Z","2026-08-16T11:24:27.602Z","Hey Rupa Deshmukh, thank you for taking the time to rate us!","8a181b02-8c8d-4cce-b940-ce0ffa9d1e8d","5","5","2026-08-21T08:12:52.247Z","good","1",,"https://play.google.com/store/apps/details?id=com.fsn.nykaa&reviewId=8a181b02-8c8d-4cce-b940-ce0ffa9d1e8d","https://play-lh.googleusercontent.com/a-/ALV-UjWI-0kCWGTFCisoYy2scZbVDrZ2LUTYFYqQroLkf1ncS51rdZY","Rupa Deshmukh","4.0.4"
"com.fsn.nykaa",,"2026-08-16T11:00:07.370Z","2026-08-16T11:06:21.192Z","Hey Reshma Minj barla, thank you for taking the time to rate us!","f2270d8a-b87f-478f-ba84-9c0efe65e248","5","5","2026-08-21T08:12:52.247Z","very good 😊","0",,"https://play.google.com/store/apps/details?id=com.fsn.nykaa&reviewId=f2270d8a-b87f-478f-ba84-9c0efe65e248","https://play-lh.googleusercontent.com/a/ACg8ocK_fY1Yn2RNuNC6YFqkvF5FB2EF6WPxzHf_fxdGFAE-nqwtRA=mo","Reshma Minj barla","4.0.4"
"com.fsn.nykaa",,"2026-08-16T10:54:17.134Z","2026-08-16T11:00:18.489Z","Hi Salih K, we are grateful for your feedback and will continue to strive to provide our customers with the highest quality of service and products. Keep exploring!","09b23505-57c8-495f-addd-cb99211fdee3","5","5","2026-08-21T08:12:52.247Z","nice 👏","0",,"https://play.google.com/store/apps/details?id=com.fsn.nykaa&reviewId=09b23505-57c8-495f-addd-cb99211fdee3","https://play-lh.googleusercontent.com/a-/ALV-UjWh3KQyQz1X_iFyO-OWwubslesQcap5XPz29jR2R1Ez0CKBtbu-","Salih K","4.0.4"
"com.fsn.nykaa",,"2026-08-16T10:49:32.500Z","2026-08-17T04:53:19.808Z","Hi, thank you for the amazing feedback!","a737f215-8a41-4a79-82d9-da078c321058","2","2","2026-08-21T08:12:52.247Z","Good 😊","1",,"https://play.google.com/store/apps/details?id=com.fsn.nykaa&reviewId=a737f215-8a41-4a79-82d9-da078c321058","https://play-lh.googleusercontent.com/a-/ALV-UjXVHxfyOUcHUY1gdRhz2QM-Eg_cFdlthPIID5X4Q5CY_247piw","Sayani Mandi","4.0.4"
"com.fsn.nykaa",,"2026-08-16T10:46:00.690Z","2026-08-17T04:52:53.497Z","Hi, we regret to hear this. We'd like to investigate this further. Kindly write to us via email at support@nykaa.com, so that we can have this addressed for you.","92ac9225-0052-47b1-8ea6-1db245f6e905","1","1","2026-08-21T08:12:52.247Z","the service is soo rude","0",,"https://play.google.com/store/apps/details?id=com.fsn.nykaa&reviewId=92ac9225-0052-47b1-8ea6-1db245f6e905","https://play-lh.googleusercontent.com/a/ACg8ocIAyYsRpS5UdSyqOw7RKgIw79JD2sAPnCTSrg92_T_7W2FC7g=mo","Swarn Singh","4.0.4"
"com.fsn.nykaa",,"2026-08-16T10:42:52.574Z","2026-08-16T10:48:12.333Z","Hey Aditi Gupta, thank you for taking the time to rate us!","9139484f-2c91-48a7-8c8c-7f7ef4da52da","5","5","2026-08-21T08:12:52.247Z","good","0",,"https://play.google.com/store/apps/details?id=com.fsn.nykaa&reviewId=9139484f-2c91-48a7-8c8c-7f7ef4da52da","https://play-lh.googleusercontent.com/a/ACg8ocIFeZsC1hxqwu1eVvjYWOOzOwZAQjZlf-J0pwWIyC46P-bM_Q=mo","Aditi Gupta","4.0.4"
"com.fsn.nykaa",,"2026-08-16T10:38:22.917Z","2026-08-17T04:52:24.805Z","Hi, thank you for the amazing feedback!","3b9074df-aa5f-4311-bf2c-6b0531c2cf86","5","5","2026-08-21T08:12:52.247Z","super","0",,"https://play.google.com/store/apps/details?id=com.fsn.nykaa&reviewId=3b9074df-aa5f-4311-bf2c-6b0531c2cf86","https://play-lh.googleusercontent.com/a/ACg8ocL2byKL-3IWTeyKttxmKnwyYjXHk0iK3rXsb0y_OyXE0jH_hA=mo","Balaji Balaji","4.0.4"
"com.fsn.nykaa",,"2026-08-16T10:31:13.797Z","2026-08-17T04:52:05.531Z","Hi, thank you for the amazing feedback!","5ab1f721-6fc4-48e4-a228-911b8ac22bd0","2","2","2026-08-21T08:12:52.247Z","nice","0",,"https://play.google.com/store/apps/details?id=com.fsn.nykaa&reviewId=5ab1f721-6fc4-48e4-a228-911b8ac22bd0","https://play-lh.googleusercontent.com/a/ACg8ocI0jE634VD54zCCIfSWQHL-cgTiu4Exa8-VUrFSUE3fsWlbFQ=mo","Alfiya Vohra","4.0.4"
"com.fsn.nykaa",,"2026-08-16T10:13:03.688Z","2026-08-16T10:19:19.200Z","Hi Sethu Raman! We are sorry to hear about this. Please highlight this concern to us at support@nykaa.com, so the team can assist you with this.","09465349-608b-4ca9-9f7a-813d053ba4c3","1","1","2026-08-21T08:12:52.247Z","dear friends don't do any order through nyka app they all cheating the customer and taking too much delay for delivery timing and they are not give exact delivery so be careful iam very very worst experience......... my humble request friends don't buy any product at nyka ..because they are telling fake delivery date ...and nobody not proper responding... I was ordered june 27 ,delivery date 2nd July but they are still delivering the product very worst.","1",,"https://play.google.com/store/apps/details?id=com.fsn.nykaa&reviewId=09465349-608b-4ca9-9f7a-813d053ba4c3","https://play-lh.googleusercontent.com/a-/ALV-UjWz2EaZepdi7HzThM5zHgBrIF5V_GgnocMu8jgBsjaK04ITiu5V","Sethu Raman","4.0.2"
"com.fsn.nykaa",,"2026-08-16T09:55:03.153Z","2026-08-16T10:02:43.423Z","Hey Satya Narayan Bishwas, thank you for taking the time to rate us!","8d22404e-2325-4eed-8fa5-dc463f12e92e","4","4","2026-08-21T08:12:52.247Z","Good 👍 bahut bahut badiya","1",,"https://play.google.com/store/apps/details?id=com.fsn.nykaa&reviewId=8d22404e-2325-4eed-8fa5-dc463f12e92e","https://play-lh.googleusercontent.com/a/ACg8ocJDV_zBQWBkOCqUsbqBfLtWF7pRTr-dbBOoPUcdUv4Wz3u8Lg=mo","Satya Narayan Bishwas","4.0.4"
"com.fsn.nykaa",,"2026-08-16T09:44:53.219Z","2026-08-17T04:51:18.199Z","Hi, we regret to hear this. We'd like to investigate this further. Kindly write to us via email at support@nykaa.com, so that we can have this addressed for you.","9256f1ac-1808-4209-9d1f-483b383356dd","2","2","2026-08-21T08:12:52.247Z","uhmmmm could be more better if you stop charging more than mrp","0",,"https://play.google.com/store/apps/details?id=com.fsn.nykaa&reviewId=9256f1ac-1808-4209-9d1f-483b383356dd","https://play-lh.googleusercontent.com/a/ACg8ocLX4sOxsMOZs97S77H82lPJfGLCdfjpeZ9g1XT-gxigenAV_A=mo","Thasleema. Thanseer","4.0.4"
"com.fsn.nykaa",,"2026-08-16T09:37:03.654Z","2026-08-16T09:44:37.880Z","Hey SANJAY MALIK, thank you for taking the time to rate us!","53bae1d1-e52d-4416-a253-0053fc03afac","5","5","2026-08-21T08:12:52.247Z","excellent app for products","0",,"https://play.google.com/store/apps/details?id=com.fsn.nykaa&reviewId=53bae1d1-e52d-4416-a253-0053fc03afac","https://play-lh.googleusercontent.com/a-/ALV-UjWOfNviukVnLB8CgT6BstYnGij_CFbaGgXCbNUEO1_VS8qlaINdYw","SANJAY MALIK","4.0.4"
"com.fsn.nykaa",,"2026-08-16T09:36:07.373Z","2026-08-16T09:42:54.534Z","Hi Syamala T! We are sorry to hear about this. Please highlight this concern to us at support@nykaa.com, so the team can assist you with this.","954f9064-1d32-4485-9cd2-10b94716e8ca","1","1","2026-08-21T08:12:52.247Z","the customer service is very poor, I had complained for three days that the delivery agent had not attempted the delivery but updating we are not available when we are complaining we are available but no call was made. after three days of repeated calls to the customer service they are saying we can't do anything except taking feedback. This is worst kind of experience. I had marriage in two days now they are saying we would help you get refund as a favour which I am entitled to get.","0",,"https://play.google.com/store/apps/details?id=com.fsn.nykaa&reviewId=954f9064-1d32-4485-9cd2-10b94716e8ca","https://play-lh.googleusercontent.com/a/ACg8ocL1vhH38umdu7JFEcVtrUbPhID7otfacgx-6XOyGV_Z4dbEoA=mo","Syamala T","4.0.4"
"com.fsn.nykaa",,"2026-08-16T09:27:03.350Z","2026-08-16T09:32:32.836Z","Hey Bharati Talukder, your feedback means a lot to us. We're committed to continuously bringing you products and services that will keep you thrilled. Keep exploring and happy shopping!","0ff9a55e-ecf9-4b8d-90ca-fb892470b369","5","5","2026-08-21T08:12:52.247Z","best","0",,"https://play.google.com/store/apps/details?id=com.fsn.nykaa&reviewId=0ff9a55e-ecf9-4b8d-90ca-fb892470b369","https://play-lh.googleusercontent.com/a/ACg8ocJt2bQen4ZI7gXNDexUj4RBrUZbxLzo8Tgw9Fnp7ct1_Xz81A=mo","Bharati Talukder","4.0.4"
"com.fsn.nykaa",,"2026-08-16T09:19:47.500Z","2026-08-16T09:26:29.507Z","Hey Roli Gupta, thank you for taking the time to rate us!","54bfb60b-f845-4c6e-ba44-1bbd8cf5d5be","5","5","2026-08-21T08:12:52.247Z","very good nykaa shopping","0",,"https://play.google.com/store/apps/details?id=com.fsn.nykaa&reviewId=54bfb60b-f845-4c6e-ba44-1bbd8cf5d5be","https://play-lh.googleusercontent.com/a-/ALV-UjVEijE4ZVlVvnaOjb-EsKreyb3OncxCBuRNpg4AEe5DSIKZGuVa","Roli Gupta","4.0.4"
"com.fsn.nykaa",,"2026-08-16T09:10:52.901Z","2026-08-16T09:17:25.428Z","Hey Sonika Paul, thank you for taking the time to rate us!","395bf4e4-d204-4e25-bdca-b03dd9b0d2ff","5","5","2026-08-21T08:12:52.247Z","love you 🤟","0",,"https://play.google.com/store/apps/details?id=com.fsn.nykaa&reviewId=395bf4e4-d204-4e25-bdca-b03dd9b0d2ff","https://play-lh.googleusercontent.com/a/ACg8ocIYisW8a24VdnRcf-SJ0KqLEo-TIV34mbHU1My2AGNNYlVopA=mo","Sonika Paul","4.0.4"
"com.fsn.nykaa",,"2026-08-16T08:59:29.455Z","2026-08-16T09:06:21.600Z","Hi Laila Begum! We are sorry to hear about this. Please highlight this concern to us at support@nykaa.com, so the team can assist you with this.","cd59a26f-00eb-470e-a0e3-2eed1f983bae","2","2","2026-08-21T08:12:52.247Z","customer service is poor and ai talking nonsense and rubbish everything same problem its shows products are delivery on the way but not sure ...are mad gys or what please delivery on time I have facing this problem lots of time","1",,"https://play.google.com/store/apps/details?id=com.fsn.nykaa&reviewId=cd59a26f-00eb-470e-a0e3-2eed1f983bae","https://play-lh.googleusercontent.com/a/ACg8ocIz-KNEbuJPk0fEoIyWVvwUsRRALmvvCTf-mfu8EmNXzMhHMg=mo","Laila Begum","4.0.4"
"com.fsn.nykaa",,"2026-08-16T08:56:52.229Z",,,"3b6abc95-fa70-4427-84b7-753e1f364efa","3","3","2026-08-21T08:12:52.247Z","👍","0",,"https://play.google.com/store/apps/details?id=com.fsn.nykaa&reviewId=3b6abc95-fa70-4427-84b7-753e1f364efa","https://play-lh.googleusercontent.com/a/ACg8ocIGlO2KCRBK1vks-ayHQsHp_wg8fb2bCfVunUGO89gDDxF1BA=mo","Danish Ahmed","4.0.4"
"com.fsn.nykaa",,"2026-08-16T08:52:00.299Z","2026-08-16T08:59:17.268Z","Hey Vamsi J, thank you for taking the time to rate us!","a26bb631-e51b-4469-900b-ca4912b880a8","4","4","2026-08-21T08:12:52.247Z","Good","0",,"https://play.google.com/store/apps/details?id=com.fsn.nykaa&reviewId=a26bb631-e51b-4469-900b-ca4912b880a8","https://play-lh.googleusercontent.com/a/ACg8ocJckpS16GLR7cfs7bjjckVkFDUZmPMRO0t8KzPL8ZfS559vLFU=mo","Vamsi J","4.0.4"
"com.fsn.nykaa",,"2026-08-16T08:37:53.474Z","2026-08-17T04:50:49.338Z","Hi, thank you for the amazing feedback!","4b70b005-ddab-4e32-ae7a-4ff75131b632","4","4","2026-08-21T08:12:52.247Z","gud app","0",,"https://play.google.com/store/apps/details?id=com.fsn.nykaa&reviewId=4b70b005-ddab-4e32-ae7a-4ff75131b632","https://play-lh.googleusercontent.com/a-/ALV-UjU-cO4aI4kakCNfwx5jOt4Tg2S0tdKylsuGM5b-r7cunHR7_xUImw","Pooja Toliya","4.0.4"
"com.fsn.nykaa",,"2026-08-16T08:32:27.911Z","2026-08-05T14:48:21.646Z","Hey, Thank you for letting us know what you think! We'll always be here to make sure we keep you happy with our products and services. Keep exploring!!","71d3df75-c35d-4ea3-ac39-1420892a3b00","5","5","2026-08-21T08:12:52.247Z","so good 💗","0",,"https://play.google.com/store/apps/details?id=com.fsn.nykaa&reviewId=71d3df75-c35d-4ea3-ac39-1420892a3b00","https://play-lh.googleusercontent.com/a/ACg8ocILc-7BD5U-gH_fRUQaLoLGsCvIhxyD6iF4K2mroS7IbiqHfQ=mo","Sree Nandha","4.0.4"
"com.fsn.nykaa","[{""criteria"":""vaf_never_display_disruptive_ads"",""rating"":2},{""criteria"":""vaf_phase1_good_deals"",""rating"":1},{""criteria"":""vaf_phase1_sales_alerts"",""rating"":1}]","2026-08-16T08:27:01.687Z","2026-08-16T10:53:53.245Z","Hey! Thank you for taking the time to rate us! If you are facing any issues we request you to email us at support@nykaa.com with your concern in detail so that we can have this addressed for you.","804513b9-3542-43af-a8a9-f40e44c3dca0","1","1","2026-08-21T08:12:52.247Z","The platform has been degraded to another level. I ordered a product and received detergent bar inside and nykaa is denying any missouts and has denied any replacement or refund. I have been ordering from the platform since 8 years and this has happened yet they are not ready to acknowledge or investigate further.","0",,"https://play.google.com/store/apps/details?id=com.fsn.nykaa&reviewId=804513b9-3542-43af-a8a9-f40e44c3dca0","https://play-lh.googleusercontent.com/a/ACg8ocIuyE49vKwD0O1yEm9o-yzb2wulIPXCjt0TmwpOFlntcMQzEw=mo","Suvarna","4.0.4"
"com.fsn.nykaa",,"2026-08-16T08:23:21.963Z","2026-08-16T10:53:07.778Z","Hi, we appreciate your wonderful feedback! 💖

","28edc849-009c-496f-9f38-07062c7fe4ab","1","1","2026-08-21T08:12:52.247Z","good👍","0",,"https://play.google.com/store/apps/details?id=com.fsn.nykaa&reviewId=28edc849-009c-496f-9f38-07062c7fe4ab","https://play-lh.googleusercontent.com/a/ACg8ocKc7Hxl03bhetUki-aghpdSxy3kn_WArFVTicIBzinbAuK_Aw=mo","Babita Babitatigga","4.0.4"
"com.fsn.nykaa",,"2026-08-16T08:10:57.683Z","2026-08-16T08:16:59.580Z","Hi Prakash Mehra, we are grateful for your feedback and will continue to strive to provide our customers with the highest quality of service and products. Keep exploring!","6d940416-dd4d-4ce8-aba0-cc71bc5d8eb8","5","5","2026-08-21T08:12:52.247Z","nice products😘😘😘","0",,"https://play.google.com/store/apps/details?id=com.fsn.nykaa&reviewId=6d940416-dd4d-4ce8-aba0-cc71bc5d8eb8","https://play-lh.googleusercontent.com/a/ACg8ocIDatf53AWIwCZp32jaQRqnylhLL1Kukea3AUWmG8tzs2mkvg=mo","Prakash Mehra","4.0.4"
"com.fsn.nykaa",,"2026-08-16T08:08:12.207Z","2026-08-16T10:51:38.311Z","Hi, we appreciate your wonderful feedback! 💖

","91e6326c-98cf-4a3f-9f63-bcfe4d4e28af","3","3","2026-08-21T08:12:52.247Z","nice","0",,"https://play.google.com/store/apps/details?id=com.fsn.nykaa&reviewId=91e6326c-98cf-4a3f-9f63-bcfe4d4e28af","https://play-lh.googleusercontent.com/a/ACg8ocI3Iy1oHlHf1SwNNcBZuWBjC5KgF4jaA2g3ZoZ5ZaPg6I5MKw=mo","Bhawna","4.0.4"
"com.fsn.nykaa",,"2026-08-16T08:01:32.376Z","2026-08-16T08:06:04.156Z","Hi Hamsa shree c.s! We are sorry to hear about this. Please highlight this concern to us at support@nykaa.com, so the team can assist you with this.","1d5084eb-b0c5-4721-ba30-789e9410bef2","1","1","2026-08-21T08:12:52.247Z","Worst experience ever! I ordered on nykaa now and item gets canceled.Its been 6 days since it got canceled and I still have not received refund. I ordered again, same issue. I call customer care, they say sorry we are working on and they actually do nothing about it. they confirmed everytime don't worry it will be delivered, but no it just canceled at the end. I told them I have the wedding to attend this is important but still not resolved. I order again based on their promise still same probl","0",,"https://play.google.com/store/apps/details?id=com.fsn.nykaa&reviewId=1d5084eb-b0c5-4721-ba30-789e9410bef2","https://play-lh.googleusercontent.com/a/ACg8ocL6FiFRdLCfsSvSQPnL1YzsO-j2u2b8gLAiLb_LgYXQdGMA2A=mo","Hamsa shree c.s","4.0.4"
"com.fsn.nykaa",,"2026-08-16T07:53:27.956Z","2026-08-16T10:51:01.941Z","Hi, we appreciate your wonderful feedback! 💖

","3e4fba39-bf0e-4660-a16a-9fde8c352d15","1","1","2026-08-21T08:12:52.247Z","good","0",,"https://play.google.com/store/apps/details?id=com.fsn.nykaa&reviewId=3e4fba39-bf0e-4660-a16a-9fde8c352d15","https://play-lh.googleusercontent.com/a/ACg8ocIuwA8FXxwzSnnNs04Pxb5i7wNrpxSpigwdw6uRXTUr840t-w=mo","sapana Meena",
"com.fsn.nykaa",,"2026-08-16T07:42:51.560Z","2026-08-16T07:49:34.854Z","Hi Harihar Mahato, we are grateful for your feedback and will continue to strive to provide our customers with the highest quality of service and products. Keep exploring!","456bab1f-87a3-475f-ab94-3a57df3ddacd","5","5","2026-08-21T08:12:52.247Z","it's really good","0",,"https://play.google.com/store/apps/details?id=com.fsn.nykaa&reviewId=456bab1f-87a3-475f-ab94-3a57df3ddacd","https://play-lh.googleusercontent.com/a/ACg8ocKu0k6ZzRdBldatfMhSrU_XV1wpT9S5fbVKTmfRC3zBftsnKQ=mo","Harihar Mahato","4.0.4"
"com.fsn.nykaa",,"2026-08-16T07:34:11.321Z","2026-08-16T07:40:31.208Z","Hi Jiya Gupta, we are grateful for your feedback and will continue to strive to provide our customers with the highest quality of service and products. Keep exploring!","48b5b641-5759-4737-850c-fc1b1407db55","4","4","2026-08-21T08:12:52.247Z","good","0",,"https://play.google.com/store/apps/details?id=com.fsn.nykaa&reviewId=48b5b641-5759-4737-850c-fc1b1407db55","https://play-lh.googleusercontent.com/a/ACg8ocJ-c30qbf4k4DyDX3nXQ8dxNy-aKkayWI2kIqRt4wKtVPbL4A=mo","Jiya Gupta","4.0.3"
"com.fsn.nykaa",,"2026-08-16T07:24:52.396Z","2026-08-16T07:31:28.500Z","Hi Saniya Khan, we are grateful for your feedback and will continue to strive to provide our customers with the highest quality of service and products. Keep exploring!","93fc61b4-4e92-426c-b37a-f90695c13332","4","4","2026-08-21T08:12:52.247Z","great shopping app","0",,"https://play.google.com/store/apps/details?id=com.fsn.nykaa&reviewId=93fc61b4-4e92-426c-b37a-f90695c13332","https://play-lh.googleusercontent.com/a-/ALV-UjVqJ47hlAlZp28Idjr-NcLvE1Quo9vIs05UxEYisw6Z5_0gnBQ","Saniya Khan","4.0.4"
"com.fsn.nykaa",,"2026-08-16T07:04:50.256Z","2026-08-16T11:50:24.870Z","Hey! Thank you for taking the time to rate us! If you are facing any issues we request you to email us at support@nykaa.com with your concern in detail so that we can have this addressed for you.","35927e9d-0564-48dc-bac5-3c39874634af","1","1","2026-08-21T08:12:52.247Z","worst app, please don't download this app as it is one of the worst app, does only one thing i.e scam scam and scam. always my purcel gets delayed and no action has been taken for this by the owner so one of the worst app I am deleting this app! even after complaining they are not giving my purcel what a worst app ever seen!","0",,"https://play.google.com/store/apps/details?id=com.fsn.nykaa&reviewId=35927e9d-0564-48dc-bac5-3c39874634af","https://play-lh.googleusercontent.com/a/ACg8ocKtbkGmlLfgbK0wgkayrqV6VfCPjT6Z0H7dn47_iFbJyyqUPg=mo","Khusi Chetry","4.0.4"
"com.fsn.nykaa",,"2026-08-16T06:52:58.565Z","2026-08-16T06:58:17.872Z","Hey Mitali Joshi, your feedback means a lot to us. We're committed to continuously bringing you products and services that will keep you thrilled. Keep exploring and happy shopping!","3466fad7-bde0-40f1-b0d6-ad9580d4c948","5","5","2026-08-21T08:12:52.247Z","best app","0",,"https://play.google.com/store/apps/details?id=com.fsn.nykaa&reviewId=3466fad7-bde0-40f1-b0d6-ad9580d4c948","https://play-lh.googleusercontent.com/a-/ALV-UjW6CVx_a9u3DysFVSeUOvcUxj--3Zr1SaxT_OZNGKnJcfow4OzX","Mitali Joshi","4.0.4"
"com.fsn.nykaa",,"2026-08-16T06:51:40.982Z","2026-08-16T06:56:17.902Z","Hi Bidiya Kumari, we request you to please email us at support@nykaa.com with your concerns so that we can have them addressed for you.","18584c74-339e-4f2a-86ef-b64fe4955ccc","1","1","2026-08-21T08:12:52.247Z","very very worst app ever they didn't delivered product at given time also they didn't refund. do not use this app","0",,"https://play.google.com/store/apps/details?id=com.fsn.nykaa&reviewId=18584c74-339e-4f2a-86ef-b64fe4955ccc","https://play-lh.googleusercontent.com/a-/ALV-UjX1jwxmNyn4336pDjEg85ySymtenM3ZhfJmtIKQBbUoP9mwshjS","Bidiya Kumari","4.0.4"
"com.fsn.nykaa",,"2026-08-16T06:47:24.850Z","2026-08-16T06:52:14.566Z","Hey Arun Singh Singh, thank you for taking the time to rate us!","49ab3f0e-03e6-47cf-8e4f-65a33f019090","5","5","2026-08-21T08:12:52.247Z","too good 👍","0",,"https://play.google.com/store/apps/details?id=com.fsn.nykaa&reviewId=49ab3f0e-03e6-47cf-8e4f-65a33f019090","https://play-lh.googleusercontent.com/a/ACg8ocJ8Yo8-i6Jct7saR6q2Hiq5E9a44OaD0Jnq83JCwM7pZJ4R9Q=mo","Arun Singh Singh","4.0.4"
"com.fsn.nykaa","[{""criteria"":""vaf_app_quality_performance"",""rating"":2},{""criteria"":""vaf_app_quality_ads_frequency"",""rating"":1},{""criteria"":""vaf_app_quality_stability"",""rating"":2}]","2026-08-16T06:26:57.300Z","2026-08-16T06:32:07.930Z","Hi Yasmeen Unnisa, we request you to please email us at support@nykaa.com with your concerns so that we can have them addressed for you.","1c5c1997-ecfc-47ba-a7f7-765724bacc80","2","2","2026-08-21T08:12:52.247Z","worst experience","0",,"https://play.google.com/store/apps/details?id=com.fsn.nykaa&reviewId=1c5c1997-ecfc-47ba-a7f7-765724bacc80","https://play-lh.googleusercontent.com/a-/ALV-UjU3O94R1YA_YfgIhWtd4HKaJkhVOMB6MqcmPcQ8zqFW-W9JKYA","Yasmeen Unnisa","4.0.4"
"com.fsn.nykaa",,"2026-08-16T06:22:34.785Z","2026-08-16T06:28:07.322Z","Hi Amit Yt, we are grateful for your feedback and will continue to strive to provide our customers with the highest quality of service and products. Keep exploring!","9377da7e-e203-4ff0-9324-daa50fb06b25","5","5","2026-08-21T08:12:52.247Z","very nice 👍","0",,"https://play.google.com/store/apps/details?id=com.fsn.nykaa&reviewId=9377da7e-e203-4ff0-9324-daa50fb06b25","https://play-lh.googleusercontent.com/a-/ALV-UjXACfREc-fHISNNlxOzxQXSH0rhOVyibEOR1NJ9IrQdr_wO0pFYbQ","Amit Yt","4.0.4"
"com.fsn.nykaa",,"2026-08-16T06:15:11.301Z","2026-08-16T06:22:03.961Z","Hey Ajin, your feedback means a lot to us. We're committed to continuously bringing you products and services that will keep you thrilled. Keep exploring and happy shopping!","e1b5e545-a01f-464c-9bd3-f9d2ad17a07b","5","5","2026-08-21T08:12:52.247Z","offer are amazing","0",,"https://play.google.com/store/apps/details?id=com.fsn.nykaa&reviewId=e1b5e545-a01f-464c-9bd3-f9d2ad17a07b","https://play-lh.googleusercontent.com/a/ACg8ocI_SbumW4PerzvpdGBM-Y0-yrxxRojDazSXGJSJZI-WNgeCUQ=mo","Ajin","4.0.4"
"com.fsn.nykaa",,"2026-08-16T06:15:04.181Z","2026-08-16T11:24:49.574Z","Hey, this is not how we would like you to feel about us. We request you email us at support@nykaa.com with your order details so that we can have this addressed for you.","19518a3e-619e-4286-8dea-416980cf8ec3","1","1","2026-08-21T08:12:52.247Z","time par delivery nahi , order place karne k baad cancellation ka koi option nahi .","0",,"https://play.google.com/store/apps/details?id=com.fsn.nykaa&reviewId=19518a3e-619e-4286-8dea-416980cf8ec3","https://play-lh.googleusercontent.com/a-/ALV-UjWMxt2hwKp3VqhAtIPDyh-l2K-ttGnwpziB8yzAjJ7HJxY6-zUnsQ","Pallavita Ratnam","4.0.4"
"com.fsn.nykaa",,"2026-08-16T06:00:08.455Z","2026-08-16T10:47:54.927Z","Hi, we appreciate your wonderful feedback! 💖

","60109f11-72a7-4274-a78a-3f2dc7af19dd","5","5","2026-08-21T08:12:52.247Z","super","0",,"https://play.google.com/store/apps/details?id=com.fsn.nykaa&reviewId=60109f11-72a7-4274-a78a-3f2dc7af19dd","https://play-lh.googleusercontent.com/a-/ALV-UjXjOmNIyZDCemqqviQCfPibAVMmLTFsLrGd8mR2xc_N6vOLfiRl","Kartik Dhiman","4.0.4"
"com.fsn.nykaa",,"2026-08-16T05:57:58.589Z","2026-08-16T06:03:56.810Z","Hey Ankita Kri, your feedback means a lot to us. We're committed to continuously bringing you products and services that will keep you thrilled. Keep exploring and happy shopping!","5b84e8e9-258d-43f2-8a09-0867989c3267","5","5","2026-08-21T08:12:52.247Z","best","0",,"https://play.google.com/store/apps/details?id=com.fsn.nykaa&reviewId=5b84e8e9-258d-43f2-8a09-0867989c3267","https://play-lh.googleusercontent.com/a/ACg8ocKJBA0ngWPazvEcwPBIGNX2TqZGvbOp6aiTxddcygRG6oSGwg=mo","Ankita Kri","4.0.4"
"com.fsn.nykaa",,"2026-08-16T05:48:00.971Z","2026-08-16T05:54:27.461Z","Hey Mahtab Khan, your feedback means a lot to us. We're committed to continuously bringing you products and services that will keep you thrilled. Keep exploring and happy shopping!","a4058ee7-d8e0-4c9c-a562-2ae6fbd7808d","4","4","2026-08-21T08:12:52.247Z","Nice","0",,"https://play.google.com/store/apps/details?id=com.fsn.nykaa&reviewId=a4058ee7-d8e0-4c9c-a562-2ae6fbd7808d","https://play-lh.googleusercontent.com/a-/ALV-UjUyrj1Lw-3TrvH-BWfB-alUcPfkzWiMnoZK6ZRYDgpkX4-GWFbx","Mahtab Khan","4.0.4"
"com.fsn.nykaa",,"2026-08-16T05:43:30.933Z","2026-08-16T05:48:23.651Z","Hey Uzma Jameel, thank you for taking the time to rate us!","8aa5c7b0-c403-4212-b4ef-55e885747c32","5","5","2026-08-21T08:12:52.247Z","best product","0",,"https://play.google.com/store/apps/details?id=com.fsn.nykaa&reviewId=8aa5c7b0-c403-4212-b4ef-55e885747c32","https://play-lh.googleusercontent.com/a/ACg8ocJFCBzHM9S0ziUcx-OE6hDqDSM2yZIWdhlOoulaljH7vxrqXA=mo","Uzma Jameel","4.0.3"
"com.fsn.nykaa",,"2026-08-16T05:40:13.689Z",,,"e96a3ff2-3f77-4d90-ac4a-72e71903ec7d","4","4","2026-08-21T08:12:52.247Z","👍🏻","0",,"https://play.google.com/store/apps/details?id=com.fsn.nykaa&reviewId=e96a3ff2-3f77-4d90-ac4a-72e71903ec7d","https://play-lh.googleusercontent.com/a-/ALV-UjUMH2LI_7ned3k1X_-f-by6zfs8Zenz4KKnD5rsXyZFJGPXCqAO","Kailas Chaure","4.0.4"
"com.fsn.nykaa",,"2026-08-16T05:40:13.596Z","2026-08-16T10:54:00.979Z","Hi, we would not want any of our customers to feel this way. We'd like to know what went wrong and help you with it. Can you please mail us at support@nykaa.com so that we can have this addressed for you.","029ea328-08cb-43dc-b366-e8bb64af56b7","1","1","2026-08-21T08:12:52.247Z","never deliver on time..it takes long time to refund","0",,"https://play.google.com/store/apps/details?id=com.fsn.nykaa&reviewId=029ea328-08cb-43dc-b366-e8bb64af56b7","https://play-lh.googleusercontent.com/a-/ALV-UjWjupC7671Gab7nSv2ZxiWUkZItE7zZIOQXyka00LJD6uERBsB-","Sarika Mahindroo","4.0.4"
"com.fsn.nykaa",,"2026-08-16T05:38:16.753Z","2026-08-16T05:43:43.513Z","Hi Athuljith P. R, we request you to please email us at support@nykaa.com with your concerns so that we can have them addressed for you.","ce112bae-a733-47e5-bf43-942db3833824","1","1","2026-08-21T08:12:52.247Z","worst app nyka app have bug i cannot enter my credit card details cvv please resolve this bug","0",,"https://play.google.com/store/apps/details?id=com.fsn.nykaa&reviewId=ce112bae-a733-47e5-bf43-942db3833824","https://play-lh.googleusercontent.com/a/ACg8ocJWwZ_BZpyjwidinAkckar4i8vwucRvee7aW2RShpFjTXElaA=mo","Athuljith P. R","4.0.4"
"com.fsn.nykaa","[{""criteria"":""vaf_phase1_daily_deals"",""rating"":3},{""criteria"":""vaf_browsing_images"",""rating"":1},{""criteria"":""vaf_phase1_local_deals"",""rating"":2}]","2026-08-16T05:37:37.529Z","2026-08-16T05:43:41.781Z","Hi fatema ghor, we request you to please email us at support@nykaa.com with your concerns so that we can have them addressed for you.","b4bb039b-0e20-4ccd-bf5e-2e949705a4dc","2","2","2026-08-21T08:12:52.247Z","I hd alwys loved thr services bt this tym I jst hd vry bad experience. I hv ordered 6 prdcts frm their freedom sale & i only recvd 3. I raised query & their representatives assured of delivering my missing prdcts I jst hv to upload d replacement of d prdcts tht I hv recieved & othr missing prdcts matter will be solved frm their side. I jst did & nxt day d pickup person picked d 3 prdcts. now I received a call that the 3 missing prdcts can't be delivered as it is out of stock.","0",,"https://play.google.com/store/apps/details?id=com.fsn.nykaa&reviewId=b4bb039b-0e20-4ccd-bf5e-2e949705a4dc","https://play-lh.googleusercontent.com/a-/ALV-UjWtttovwUXB0l4-9lz9wWsenLSeJ1aj3y7fy-CUQIagG89qFz2i","fatema ghor","4.0.4"
"com.fsn.nykaa",,"2026-08-16T05:36:47.133Z","2026-08-16T05:42:20.248Z","Hi SUBRAT ROUT, we are grateful for your feedback and will continue to strive to provide our customers with the highest quality of service and products. Keep exploring!","571f4a41-d107-43c6-a4e2-5558ea3c7cd7","4","4","2026-08-21T08:12:52.247Z","good","0",,"https://play.google.com/store/apps/details?id=com.fsn.nykaa&reviewId=571f4a41-d107-43c6-a4e2-5558ea3c7cd7","https://play-lh.googleusercontent.com/a-/ALV-UjUgmdFScMXs6AopfoewKV_ZqxFrCgRsH5kVo-on7fq39bpFhG_E","SUBRAT ROUT","4.0.4"
"com.fsn.nykaa",,"2026-08-16T05:34:14.618Z","2026-08-16T10:47:19.484Z","Hi, we appreciate your wonderful feedback! 💖

","2a5bb20b-10f3-45d8-9c02-f33c7882d202","2","2","2026-08-21T08:12:52.247Z","nice 👍","0",,"https://play.google.com/store/apps/details?id=com.fsn.nykaa&reviewId=2a5bb20b-10f3-45d8-9c02-f33c7882d202","https://play-lh.googleusercontent.com/a/ACg8ocKwz6trtd5363gXB70f8POJ8O71xa4IYRISuPLSYS6WiL1nNw=mo","Aarti Ji","4.0.4"
"com.fsn.nykaa",,"2026-08-16T05:27:41.948Z","2026-08-16T05:34:36.398Z","Hey Disha Chauhan, this is not how we would like you to feel about us. Kindly email us at support@nykaa.com with your concerns so that we can have them addressed for you.","8df9f66f-f49a-4b61-88bd-4ff74ff22183","1","1","2026-08-21T08:12:52.247Z","if there would be a option of giving 0 star I would tend to go for it. This app is a fraud refund are not initiated immediately they will kept saying rubbish if you prepaid the order it will be a loss of money forever cause they will nnever gave refund do not. guy from this app guys bewaree!!! I am facing a issue regards money neither I get my order nor money","0",,"https://play.google.com/store/apps/details?id=com.fsn.nykaa&reviewId=8df9f66f-f49a-4b61-88bd-4ff74ff22183","https://play-lh.googleusercontent.com/a-/ALV-UjWtL1TaK-SxjClb0rTCIaHpiRe1J-CHAZ_v6_8ed2ee9FAwlkVq","Disha Chauhan","4.0.4"
"com.fsn.nykaa",,"2026-08-16T05:25:43.290Z","2026-08-16T05:31:33.851Z","Hi Jenifer D, we request you to please email us at support@nykaa.com with your concerns so that we can have them addressed for you.","3f6386ef-049b-4603-b3f4-92ee7d6f82f2","1","1","2026-08-21T08:12:52.247Z","worst delivery experience","0",,"https://play.google.com/store/apps/details?id=com.fsn.nykaa&reviewId=3f6386ef-049b-4603-b3f4-92ee7d6f82f2","https://play-lh.googleusercontent.com/a/ACg8ocJbLoMf1d6SSv9i3_l1pgApE4Wl4M7rbDCuCFQJpxm_kSoLKo1q=mo","Jenifer D","4.0.4"
"com.fsn.nykaa",,"2026-08-16T05:10:44.727Z","2026-08-16T10:32:50.341Z","Hey, thank you for taking the time to share your feedback. Happy Shopping!","14b63c30-6ac5-43ec-aae5-576ef6283f73","3","3","2026-08-21T08:12:52.247Z","Nice 👍🏻","0",,"https://play.google.com/store/apps/details?id=com.fsn.nykaa&reviewId=14b63c30-6ac5-43ec-aae5-576ef6283f73","https://play-lh.googleusercontent.com/a-/ALV-UjWQYKzYUfB34QHE5fFHIX-OJYJ1Q2DyOq7ps4-b178oGLcjs9k","Satyam Vishwakarma",
"com.fsn.nykaa","[{""criteria"":""vaf_app_quality_ads_presence"",""rating"":1},{""criteria"":""vaf_app_quality_visual_appeal"",""rating"":1}]","2026-08-16T05:07:47.250Z","2026-08-16T10:30:33.100Z","Hi, we would not want any of our customers to feel this way. We'd like to know what went wrong and help you with it. Can you please mail us at support@nykaa.com so that we can have this addressed for you.
","d615e7e8-18bb-48f9-871e-7914464ccbb5","3","3","2026-08-21T08:12:52.247Z","when I order in the app why product is not getting in 2 hours","0",,"https://play.google.com/store/apps/details?id=com.fsn.nykaa&reviewId=d615e7e8-18bb-48f9-871e-7914464ccbb5","https://play-lh.googleusercontent.com/a/ACg8ocLl4lQqnBIEq2o-csTxNpJT2TagZAxlEG-hp0Gxjci-oxF8fw=mo","Chris Lazur","4.0.4"
"com.fsn.nykaa",,"2026-08-16T05:03:04.180Z",,,"8564a2ed-77db-4a29-bc54-812374c5f696","5","5","2026-08-21T08:12:52.247Z","👍👍👍👍👍👍👍👍👍👍👍👍👍👍👍👍","0",,"https://play.google.com/store/apps/details?id=com.fsn.nykaa&reviewId=8564a2ed-77db-4a29-bc54-812374c5f696","https://play-lh.googleusercontent.com/a/ACg8ocKKg-Yk1G6V-WuxLegqOwC5osJUiP9RPIKH_2IZJC50IFwB7g=mo","Suresh Choudhary","4.0.3"
"com.fsn.nykaa",,"2026-08-16T05:01:04.902Z","2026-08-16T05:06:48.261Z","Hi Aditya Gupta, we request you to please email us at support@nykaa.com with your concerns so that we can have them addressed for you.","a2740a22-3438-41ea-958d-976ba9c3fa5d","1","1","2026-08-21T08:12:52.247Z","worst app ever. Very bad delivery services, Useless customer care support. Please don't order from nykaa. Find other E-commerce platforms.","0",,"https://play.google.com/store/apps/details?id=com.fsn.nykaa&reviewId=a2740a22-3438-41ea-958d-976ba9c3fa5d","https://play-lh.googleusercontent.com/a-/ALV-UjXMUFeDDQ5HAu5UXKW8mVcaIBvr2pHj_Z2P4pvwfWIkmnDKsfHh","Aditya Gupta","4.0.4"
"com.fsn.nykaa",,"2026-08-16T05:00:02.415Z","2026-08-16T10:24:16.883Z","Hey, nothing delights us more than to hear this! Keep exploring!! 🥰
","7b6cc72e-0759-4be1-b5f5-3b35f1c7ef89","5","5","2026-08-21T08:12:52.247Z","iam impressed 💯","0",,"https://play.google.com/store/apps/details?id=com.fsn.nykaa&reviewId=7b6cc72e-0759-4be1-b5f5-3b35f1c7ef89","https://play-lh.googleusercontent.com/a-/ALV-UjV__DyPyg2ftQ9NNXFUmjpqqmljYJ-xWOL2JNpIs_wA-Ow3LeaX","Shirfan Shirfan","4.0.4"
"com.fsn.nykaa",,"2026-08-16T04:10:02.384Z","2026-08-16T04:17:23.151Z","Hey V.Mageshwari, thank you for taking the time to rate us!","0aba7510-1fae-4d78-ba68-fb831b5105dd","5","5","2026-08-21T08:12:52.247Z","good","0",,"https://play.google.com/store/apps/details?id=com.fsn.nykaa&reviewId=0aba7510-1fae-4d78-ba68-fb831b5105dd","https://play-lh.googleusercontent.com/a-/ALV-UjWSeRzb55WKZjFtNTZAX-L0pBaaMyZASGKqV9l2yPVss03J7bc","V.Mageshwari","4.0.4"
"com.fsn.nykaa",,"2026-08-16T04:02:15.813Z","2026-08-16T04:08:17.377Z","Hey Seeta Devi, thank you for taking the time to rate us!","d9f4ce1c-9da0-478e-a99f-83f83525b419","5","5","2026-08-21T08:12:52.247Z","nice app qnd have nice offers👍","0",,"https://play.google.com/store/apps/details?id=com.fsn.nykaa&reviewId=d9f4ce1c-9da0-478e-a99f-83f83525b419","https://play-lh.googleusercontent.com/a/ACg8ocIjNsilc_coiesdKUngGKAgM9CQitnCmio8Zj-DTErt0VbULQ=mo","Seeta Devi","4.0.4"
"com.fsn.nykaa",,"2026-08-16T03:59:37.350Z","2026-08-16T04:06:17.601Z","Hi SHREYA SAMBRANI, we request you to please email us at support@nykaa.com with your concerns so that we can have them addressed for you.","cd85da6a-ec81-481d-a40f-4192a6c688fb","1","1","2026-08-21T08:12:52.247Z","My first order with Nykaa has been a very disappointing experience. I placed my order on the 19th and received the package on the 25th, only to find that one of the products was missing from the box. I immediately raised a complaint and uploaded all the required details and proof, but I have still not received any proper assistance or resolution from a Nyka ’s customer support. For such a well-known beauty platform, this level of customer service is extremely disappointing. This experience has","0",,"https://play.google.com/store/apps/details?id=com.fsn.nykaa&reviewId=cd85da6a-ec81-481d-a40f-4192a6c688fb","https://play-lh.googleusercontent.com/a/ACg8ocLwJbVPIJdVWgEObuZHztNZujL33cBHz1SmQsOPlECbJluJQ5c=mo","SHREYA SAMBRANI","4.0.4"
"com.fsn.nykaa",,"2026-08-16T03:57:10.826Z","2026-08-16T04:24:13.700Z","Hey, thank you for taking the time to share your feedback.","49ce9431-9488-4861-9ad8-9d129d142dfb","1","1","2026-08-21T08:12:52.247Z","good","0",,"https://play.google.com/store/apps/details?id=com.fsn.nykaa&reviewId=49ce9431-9488-4861-9ad8-9d129d142dfb","https://play-lh.googleusercontent.com/a-/ALV-UjVUF-wkF7Pd_HhW9KgXhGBoFpRW6RX2DXNWlanIlcJsyubMWRxg","Burka Sai prasanna","4.0.4"
"com.fsn.nykaa",,"2026-08-16T03:54:43.573Z","2026-08-16T03:59:12.536Z","Hey Lisa Lkr, thank you for taking the time to rate us!","138ace8f-7e58-460a-8b8a-ff67565b7f0e","5","5","2026-08-21T08:12:52.247Z","good","0",,"https://play.google.com/store/apps/details?id=com.fsn.nykaa&reviewId=138ace8f-7e58-460a-8b8a-ff67565b7f0e","https://play-lh.googleusercontent.com/a-/ALV-UjVImvotpDF2T6groEgFFBOK3hwhjLMhN0WBHbR4RxFqVwUL81c","Lisa Lkr","4.0.4"
"com.fsn.nykaa",,"2026-08-16T03:52:12.208Z","2026-08-16T04:24:34.940Z","Hey, thank you for taking the time to share your feedback.","f31a1138-5887-45b0-b596-d7edb594c6b8","5","5","2026-08-21T08:12:52.247Z","niceee","0",,"https://play.google.com/store/apps/details?id=com.fsn.nykaa&reviewId=f31a1138-5887-45b0-b596-d7edb594c6b8","https://play-lh.googleusercontent.com/a/ACg8ocJB9aLgBaApRlgsCLodswR8Mr5ZM5ly7YTFJ2jFIWqqAAIbmg=mo","Mitiprava Sahu","4.0.4"
"com.fsn.nykaa",,"2026-08-16T03:50:51.737Z","2026-08-16T03:56:10.129Z","Hey Rajni Marick, your feedback means a lot to us. We're committed to continuously bringing you products and services that will keep you thrilled. Keep exploring and happy shopping!","6ecf8d82-a550-44e6-89be-e26ccf21919a","5","5","2026-08-21T08:12:52.247Z","very nice app","0",,"https://play.google.com/store/apps/details?id=com.fsn.nykaa&reviewId=6ecf8d82-a550-44e6-89be-e26ccf21919a","https://play-lh.googleusercontent.com/a-/ALV-UjW9WIMce50sEfAJ0O1f4qwKhQzpEuhOndFmH6FRj7-remaAJWbxNw","Rajni Marick","4.0.4"
"com.fsn.nykaa",,"2026-08-16T03:50:14.157Z","2026-08-16T03:56:08.268Z","Hey Smita Kirtane, your feedback means a lot to us. We're committed to continuously bringing you products and services that will keep you thrilled. Keep exploring and happy shopping!","7621d487-eaf2-4862-a636-d5b05cae120b","5","5","2026-08-21T08:12:52.247Z","Good service","0",,"https://play.google.com/store/apps/details?id=com.fsn.nykaa&reviewId=7621d487-eaf2-4862-a636-d5b05cae120b","https://play-lh.googleusercontent.com/a-/ALV-UjV_mmsdAhRmCkBlwJmCnfDotgevWEiH7M76H0dqR6YF--d4oFkA","Smita Kirtane","4.0.4"
"com.fsn.nykaa",,"2026-08-16T03:45:28.637Z","2026-08-16T03:50:04.751Z","Hey Sumi Sumi, thank you for taking the time to rate us!","0f88aecb-8ccb-41e3-a51b-f70bc3c034cd","5","5","2026-08-21T08:12:52.247Z","good","0",,"https://play.google.com/store/apps/details?id=com.fsn.nykaa&reviewId=0f88aecb-8ccb-41e3-a51b-f70bc3c034cd","https://play-lh.googleusercontent.com/a/ACg8ocLJfWZGluHz35sPlkSKqrrq0g5EvwJovwr_EkoLSZvtZJ0U9Q=mo","Sumi Sumi","4.0.3"
"com.fsn.nykaa",,"2026-08-16T03:40:59.912Z","2026-08-16T03:47:02.399Z","Hey Anamika Bera, your feedback means a lot to us. We're committed to continuously bringing you products and services that will keep you thrilled. Keep exploring and happy shopping!","605cff5c-a9c5-4e7d-b71b-5bdfe75f0d72","5","5","2026-08-21T08:12:52.247Z","good","0",,"https://play.google.com/store/apps/details?id=com.fsn.nykaa&reviewId=605cff5c-a9c5-4e7d-b71b-5bdfe75f0d72","https://play-lh.googleusercontent.com/a/ACg8ocJzYYrCv-Idqr5DzICt3-TipJXMqykAhy7ar6l6uAcqNw185g=mo","Anamika Bera","4.0.4"
"com.fsn.nykaa",,"2026-08-16T03:32:44.300Z","2026-08-16T03:37:47.891Z","Hey Avnish kumar, your feedback means a lot to us. We're committed to continuously bringing you products and services that will keep you thrilled. Keep exploring and happy shopping!","8f3ee8ff-95c1-4daf-b33b-e39a84645597","5","5","2026-08-21T08:12:52.247Z","very good","0",,"https://play.google.com/store/apps/details?id=com.fsn.nykaa&reviewId=8f3ee8ff-95c1-4daf-b33b-e39a84645597","https://play-lh.googleusercontent.com/a/ACg8ocINadbm4jgRzGfjabueNO-OPJr8eoIFjV1RFBTLP8rH1-KTqA=mo","Avnish kumar","4.0.4"
"com.fsn.nykaa",,"2026-08-16T03:31:44.127Z","2026-08-16T04:26:32.960Z","Hi! Thank you for showing your love. Keep exploring!!","157a9642-e43e-4f52-8617-a78d0c47ff6f","5","5","2026-08-21T08:12:52.247Z","superb","0",,"https://play.google.com/store/apps/details?id=com.fsn.nykaa&reviewId=157a9642-e43e-4f52-8617-a78d0c47ff6f","https://play-lh.googleusercontent.com/a-/ALV-UjUpUaGyD1IGQ4-9MOvZFHQHTOlTv4G16B50bmRjgrmTuwENG6ZKYg","prabha Kumar","4.0.4"
"com.fsn.nykaa",,"2026-08-16T03:02:36.189Z","2026-08-16T03:07:03.490Z","Hi Rabiya Sultana, we are grateful for your feedback and will continue to strive to provide our customers with the highest quality of service and products. Keep exploring!","17e20d79-73f7-4a28-a4b4-84d3bc64ddc2","5","5","2026-08-21T08:12:52.247Z","very good app","0",,"https://play.google.com/store/apps/details?id=com.fsn.nykaa&reviewId=17e20d79-73f7-4a28-a4b4-84d3bc64ddc2","https://play-lh.googleusercontent.com/a/ACg8ocKEsefKU4xS7AuRTFTqY69_QR7hgepydqgHT2bLnB99Nk6GDQ=mo","Rabiya Sultana","4.0.4"
"com.fsn.nykaa",,"2026-08-16T02:38:16.283Z","2026-08-16T02:45:55.591Z","Hey Monika Kaushik, thank you for taking the time to rate us!","564db89e-a68d-41ef-b97f-dae00f562812","5","5","2026-08-21T08:12:52.247Z","all products are good","0",,"https://play.google.com/store/apps/details?id=com.fsn.nykaa&reviewId=564db89e-a68d-41ef-b97f-dae00f562812","https://play-lh.googleusercontent.com/a-/ALV-UjVsQz7vHOpRx3kRyPY5oZotOcXWbchIxjZ10sX_meRsGkgm4AQ","Monika Kaushik","4.0.4"
"com.fsn.nykaa",,"2026-08-16T02:29:37.949Z","2026-08-16T02:36:52.331Z","Hey Rajjak Patel, thank you for taking the time to rate us!","800d72a4-0c08-480c-bbaa-3dc240de7e34","5","5","2026-08-21T08:12:52.247Z","nice 🙂","0",,"https://play.google.com/store/apps/details?id=com.fsn.nykaa&reviewId=800d72a4-0c08-480c-bbaa-3dc240de7e34","https://play-lh.googleusercontent.com/a-/ALV-UjX_oJUgIT-R5YsWJKuvwiBKqgWcQa0ygWMe2seHfNYftHCDkGuq","Rajjak Patel","4.0.4"
"com.fsn.nykaa",,"2026-08-16T02:24:55.499Z","2026-08-16T02:30:49.259Z","Hi Kghousia Banu, we are grateful for your feedback and will continue to strive to provide our customers with the highest quality of service and products. Keep exploring!","ad75da75-7c77-4723-a2b5-50a557f7cd67","4","4","2026-08-21T08:12:52.247Z","good 👍👍","0",,"https://play.google.com/store/apps/details?id=com.fsn.nykaa&reviewId=ad75da75-7c77-4723-a2b5-50a557f7cd67","https://play-lh.googleusercontent.com/a-/ALV-UjXPUB1aknx7iCMYVxAVSaH7QGT8SSipoFsmjvPDhcJw5HycMyIQ","Kghousia Banu","4.0.4"
"com.fsn.nykaa",,"2026-08-16T02:24:20.110Z","2026-08-16T02:30:46.830Z","Hi Anil Pujari, we are grateful for your feedback and will continue to strive to provide our customers with the highest quality of service and products. Keep exploring!","6578fa9d-973b-49a8-b954-dd4fbe02c76d","4","4","2026-08-21T08:12:52.247Z","very nice","0",,"https://play.google.com/store/apps/details?id=com.fsn.nykaa&reviewId=6578fa9d-973b-49a8-b954-dd4fbe02c76d","https://play-lh.googleusercontent.com/a-/ALV-UjXfs82iD5nFUY5CFOItbypCMlvkJfCHB9Tc28fXwUWR57nc00Fs","Anil Pujari","4.0.4"
"com.fsn.nykaa",,"2026-08-16T01:23:43.260Z","2026-08-16T01:30:32.832Z","Hey Vivek Mishra, your feedback means a lot to us. We're committed to continuously bringing you products and services that will keep you thrilled. Keep exploring and happy shopping!","45a9ff4d-ecd9-4163-9f35-c36975019e04","5","5","2026-08-21T08:12:52.247Z","v good sarves h","0",,"https://play.google.com/store/apps/details?id=com.fsn.nykaa&reviewId=45a9ff4d-ecd9-4163-9f35-c36975019e04","https://play-lh.googleusercontent.com/a/ACg8ocIX9tpwvl1EUFQjWxuN44DYEQhshGDF7HRbdNIY5XwMOuezjg=mo","Vivek Mishra","4.0.4"
"com.fsn.nykaa",,"2026-08-15T23:47:19.380Z","2026-08-15T23:53:18.430Z","Hi Prabh simar Kaur, we request you to please email us at support@nykaa.com with your concerns so that we can have them addressed for you.","2efa246b-52eb-4244-a135-be58c0d616c9","1","1","2026-08-21T08:12:52.247Z","worst app no help support recieved wrong order charged extra money no support from anything uninstalling this stupid app","0",,"https://play.google.com/store/apps/details?id=com.fsn.nykaa&reviewId=2efa246b-52eb-4244-a135-be58c0d616c9","https://play-lh.googleusercontent.com/a-/ALV-UjX41gvpHl0DxQBZTfLVjt0xSkeYJCzqRpn1lERwtyYrmTbJ0-oNfQ","Prabh simar Kaur","4.0.4"
"com.fsn.nykaa",,"2026-08-15T23:09:57.440Z","2026-08-16T04:28:22.108Z","Hey, this is not how we would like you to feel about us. We request you email us at support@nykaa.com with your order details so that we can have this addressed for you.","515dce9d-d5e8-4488-a355-d696a400be40","3","3","2026-08-21T08:12:52.247Z","not available in my country? overall, it is differently a great app, just not so good I'm not able to buy from it.","0",,"https://play.google.com/store/apps/details?id=com.fsn.nykaa&reviewId=515dce9d-d5e8-4488-a355-d696a400be40","https://play-lh.googleusercontent.com/a/ACg8ocJP59elJnpU2NDMv8gZQVaSZEqoA5Ak9Oe-CV6GBwMtIUG3rw=mo","Samantha Graham","4.0.4"
"com.fsn.nykaa",,"2026-08-15T21:39:37.822Z","2026-08-15T21:44:42.887Z","Hey Zara Zara, your feedback means a lot to us. We're committed to continuously bringing you products and services that will keep you thrilled. Keep exploring and happy shopping!","4fb8b25c-68b2-4142-9a17-0a821fa39e9f","5","5","2026-08-21T08:12:52.247Z","good 👍😊","0",,"https://play.google.com/store/apps/details?id=com.fsn.nykaa&reviewId=4fb8b25c-68b2-4142-9a17-0a821fa39e9f","https://play-lh.googleusercontent.com/a/ACg8ocIfn_Z-0dyiTxggtsvp5phFKpAWndrlxW1lolUbMz3U72Vm7A=mo","Zara Zara","4.0.4"
"com.fsn.nykaa",,"2026-08-15T21:08:20.697Z","2026-08-15T21:14:33.852Z","Hi Nidhi Nanda, we are grateful for your feedback and will continue to strive to provide our customers with the highest quality of service and products. Keep exploring!","da14e850-eb11-4476-9f16-8f8f8a93217c","5","5","2026-08-21T08:12:52.247Z","product hamesha original hote aur discount bhi milte hai. best aap for beauty and skincare","0",,"https://play.google.com/store/apps/details?id=com.fsn.nykaa&reviewId=da14e850-eb11-4476-9f16-8f8f8a93217c","https://play-lh.googleusercontent.com/a-/ALV-UjVFngtI2dTPH0G5QRrj3e_31AqI3Vm84Fc3B-vVKuk_PEnOi07y","Nidhi Nanda","4.0.4"
"com.fsn.nykaa",,"2026-08-15T20:52:31.765Z","2026-08-15T20:59:28.553Z","Hey Chanchal Sharma, your feedback means a lot to us. We're committed to continuously bringing you products and services that will keep you thrilled. Keep exploring and happy shopping!","679fcb71-3a18-4e2a-b155-b80bc851fc44","5","5","2026-08-21T08:12:52.247Z","good 😊","0",,"https://play.google.com/store/apps/details?id=com.fsn.nykaa&reviewId=679fcb71-3a18-4e2a-b155-b80bc851fc44","https://play-lh.googleusercontent.com/a/ACg8ocILcTkvWpf43TbkCXYZnwITK9RlJMfEid7ByWbaQ9YhMtUlPdnY=mo","Chanchal Sharma","4.0.4"
"com.fsn.nykaa",,"2026-08-15T19:27:10.230Z","2026-08-16T04:28:59.691Z","Hi, we appreciate your wonderful feedback!","b6efa578-0f19-4b7d-937d-d31fed0a097b","2","2","2026-08-21T08:12:52.247Z","good","0",,"https://play.google.com/store/apps/details?id=com.fsn.nykaa&reviewId=b6efa578-0f19-4b7d-937d-d31fed0a097b","https://play-lh.googleusercontent.com/a-/ALV-UjV4u8vQ7vXa4k-MU7cvqWhYH-fU2Dyx_1OwU0ReLhKRQqKWyuO9","dev shakya",
"com.fsn.nykaa",,"2026-08-15T18:47:20.308Z","2026-08-16T04:29:19.280Z","Hi, we appreciate your wonderful feedback!","09ebb245-4585-4211-91bb-ccc0ee783b0a","5","5","2026-08-21T08:12:52.247Z","🥰","0",,"https://play.google.com/store/apps/details?id=com.fsn.nykaa&reviewId=09ebb245-4585-4211-91bb-ccc0ee783b0a","https://play-lh.googleusercontent.com/a/ACg8ocJ5ZZL1MGDWd33Jq_k_F3QGmqjkRzNI_qOltEx_pEHqYvVt6g=mo","Shamseena Aachu","4.0.4"
"com.fsn.nykaa",,"2026-08-15T18:28:48.221Z","2026-08-16T04:29:48.836Z","Hi, thank you for the amazing feedback! Keep exploring!","f370a65e-2582-4453-a6e2-e32c09fff499","5","5","2026-08-21T08:12:52.247Z","thank u itna achcha mere ko kam price mein dene ke liye","0",,"https://play.google.com/store/apps/details?id=com.fsn.nykaa&reviewId=f370a65e-2582-4453-a6e2-e32c09fff499","https://play-lh.googleusercontent.com/a-/ALV-UjUpVoS5ESzWMmHxoi5ptEF1l25sJpFNoe9qaNhGYwDtaMci9nIH","RAGINI OFFICEAL RAGINI OFFICEAL","4.0.4"
"com.fsn.nykaa",,"2026-08-15T18:26:16.480Z","2026-08-15T18:31:49.198Z","Hi Khizra Shaikh, we are grateful for your feedback and will continue to strive to provide our customers with the highest quality of service and products. Keep exploring!","524ec52d-7595-4142-9637-812e957b1ba1","5","5","2026-08-21T08:12:52.247Z","great nd fast","0",,"https://play.google.com/store/apps/details?id=com.fsn.nykaa&reviewId=524ec52d-7595-4142-9637-812e957b1ba1","https://play-lh.googleusercontent.com/a/ACg8ocK8KeJESJPfbVCjBZgSXHbNc9oQCcc1_8HrQB4cmupXpC4vww=mo","Khizra Shaikh","4.0.4"
"com.fsn.nykaa",,"2026-08-15T18:13:01.257Z","2026-08-15T18:19:38.361Z","Hey Somi Sharma, thank you for taking the time to rate us!","be9a735c-97f0-4cbd-bd4c-fedaa61acf54","5","5","2026-08-21T08:12:52.247Z","good","0",,"https://play.google.com/store/apps/details?id=com.fsn.nykaa&reviewId=be9a735c-97f0-4cbd-bd4c-fedaa61acf54","https://play-lh.googleusercontent.com/a/ACg8ocJKFmrTG401eXPKwZniCcUOCh0yR97bLMT6ScOzSlQX1ip_cA=mo","Somi Sharma","4.0.4"
"com.fsn.nykaa",,"2026-08-15T18:00:10.105Z","2026-08-15T18:07:15.756Z","Hey Satyam Saroj, your feedback means a lot to us. We're committed to continuously bringing you products and services that will keep you thrilled. Keep exploring and happy shopping!","e0ac9a3a-8d30-43ea-8ec1-eaa4da31f14b","4","4","2026-08-21T08:12:52.247Z","amazing product app","0",,"https://play.google.com/store/apps/details?id=com.fsn.nykaa&reviewId=e0ac9a3a-8d30-43ea-8ec1-eaa4da31f14b","https://play-lh.googleusercontent.com/a-/ALV-UjU17tLAanrVpVgJw5hv_iZZ-sAQtS1zSfv8ITNt-SYWO_95OlAH","Satyam Saroj","4.0.4"
"com.fsn.nykaa",,"2026-08-15T17:53:18.177Z","2026-08-15T17:58:11.435Z","Hey Akhil Ram, your feedback means a lot to us. We're committed to continuously bringing you products and services that will keep you thrilled. Keep exploring and happy shopping!","8d329e6f-70d4-4807-b307-b43d457948ac","5","5","2026-08-21T08:12:52.247Z","best appp","0",,"https://play.google.com/store/apps/details?id=com.fsn.nykaa&reviewId=8d329e6f-70d4-4807-b307-b43d457948ac","https://play-lh.googleusercontent.com/a/ACg8ocJAJ6mV_sJ2mvbljgIJkWRVGV8C4MeQLXZ5IV4Cs-J4NVTpmA=mo","Akhil Ram",
"com.fsn.nykaa","[{""criteria"":""vaf_app_quality_battery_heat"",""rating"":1},{""criteria"":""vaf_app_quality_stability"",""rating"":2},{""criteria"":""vaf_phase1_loyalty_program"",""rating"":2}]","2026-08-15T17:40:54.900Z","2026-08-16T04:30:10.455Z","
Hey, this is not how we would like you to feel about us. We request you email us at support@nykaa.com with your order details so that we can have this addressed for you.","d90bc15e-bd29-4bf8-9c12-22744f32fa2e","1","1","2026-08-21T08:12:52.247Z","Unnecessary emails","0",,"https://play.google.com/store/apps/details?id=com.fsn.nykaa&reviewId=d90bc15e-bd29-4bf8-9c12-22744f32fa2e","https://play-lh.googleusercontent.com/a-/ALV-UjWf2MQnTKMpAtP9x9tTAeCY3lOoxACI2FtTxRDUrYdfmO4AdI60","Garima Kapoor","4.0.4"
"com.fsn.nykaa",,"2026-08-15T17:35:36.367Z","2026-08-16T04:30:26.314Z","Hi, thank you for the amazing feedback! Keep exploring!","a3fd2a54-a2e5-43bc-b75e-cbc25b49c0b1","5","5","2026-08-21T08:12:52.247Z","wow","0",,"https://play.google.com/store/apps/details?id=com.fsn.nykaa&reviewId=a3fd2a54-a2e5-43bc-b75e-cbc25b49c0b1","https://play-lh.googleusercontent.com/a/ACg8ocJJMdnVNPfLufW1PjYVjFgmm8vZ-fDTm0i-HxYSW385udJVHA=mo","Revati Vasanth","4.0.4"
"com.fsn.nykaa",,"2026-08-15T17:35:08.122Z","2026-08-15T17:42:09.854Z","Hey akshaya achu, this is not how we would like you to feel about us. Kindly email us at support@nykaa.com with your concerns so that we can have them addressed for you.","7e837cfc-3505-47af-9411-f87cf5f03fb8","1","1","2026-08-21T08:12:52.247Z","One of the worst apps I have ever used. Earlier, I ordered via Cash on Delivery and that reached successfully. But when I paid online via UPI for the first time, Nykaa showed their true face. The order was never delivered to me, and my refund has not been credited back to my account yet. Very unprofessional. This is the worst app in India. People, don't trust this app!","1",,"https://play.google.com/store/apps/details?id=com.fsn.nykaa&reviewId=7e837cfc-3505-47af-9411-f87cf5f03fb8","https://play-lh.googleusercontent.com/a/ACg8ocLAqsS1sg3cDw8xCeUHuo8JyI5cPHK1YLR9pL285Kviyyg-3g=mo","akshaya achu","4.0.4"
"com.fsn.nykaa",,"2026-08-15T17:27:26.414Z","2026-08-15T17:34:03.779Z","Hey Nausheen Sk, thank you for taking the time to rate us!","48872340-11c9-4c52-aeb6-12fc82940068","4","4","2026-08-21T08:12:52.247Z","very nice","1",,"https://play.google.com/store/apps/details?id=com.fsn.nykaa&reviewId=48872340-11c9-4c52-aeb6-12fc82940068","https://play-lh.googleusercontent.com/a/ACg8ocIH0aCj3ugU5XeBONiSVc5hV3gM96NUdNK_bPi48KHOMoctJA=mo","Nausheen Sk","4.0.4"
"com.fsn.nykaa",,"2026-08-15T17:20:05.544Z","2026-08-15T17:27:58.981Z","Hi Sakshi Bhadouriya, we are grateful for your feedback and will continue to strive to provide our customers with the highest quality of service and products. Keep exploring!","c5de85a9-443e-4a58-91bf-9585c2166eb5","5","5","2026-08-21T08:12:52.247Z","very nice 🙂💯","0",,"https://play.google.com/store/apps/details?id=com.fsn.nykaa&reviewId=c5de85a9-443e-4a58-91bf-9585c2166eb5","https://play-lh.googleusercontent.com/a/ACg8ocJz3RKYecBUqJl32vqupPNhf4rObb0NjZsHFQ8VthdnwLGOig=mo","Sakshi Bhadouriya","3.9.4"
"com.fsn.nykaa",,"2026-08-15T17:14:06.758Z","2026-08-15T17:21:55.918Z","Hey 9-B Mukul, your feedback means a lot to us. We're committed to continuously bringing you products and services that will keep you thrilled. Keep exploring and happy shopping!","842b458a-6589-42bc-8e46-e19741e3139e","5","5","2026-08-21T08:12:52.247Z","always good products and timely delivered thanku nykaa","0",,"https://play.google.com/store/apps/details?id=com.fsn.nykaa&reviewId=842b458a-6589-42bc-8e46-e19741e3139e","https://play-lh.googleusercontent.com/a-/ALV-UjVJ1LkqFxCVGvuvhXGsHcrXBZYZWRJHIBBtPrwMxVVsvWpFWV2w","9-B Mukul","4.0.4"
"com.fsn.nykaa",,"2026-08-15T17:00:58.778Z","2026-08-15T17:06:51.630Z","Hey Pooja Choudhary, thank you for taking the time to rate us!","4a1be9ce-4230-45c5-8551-5032bd5e9a11","5","5","2026-08-21T08:12:52.247Z","all most product very very good 😊","0",,"https://play.google.com/store/apps/details?id=com.fsn.nykaa&reviewId=4a1be9ce-4230-45c5-8551-5032bd5e9a11","https://play-lh.googleusercontent.com/a-/ALV-UjUDDWlnqZKUWUQ6GSA5enNTfzsjT7QnwtMBAub7zIUsP1xqneg_","Pooja Choudhary","4.0.3"
"com.fsn.nykaa",,"2026-08-15T17:00:18.638Z","2026-08-16T04:30:43.425Z","Hi, thank you for the amazing feedback! Keep exploring!","1ccf41b6-087d-421f-80d9-daf91ec5c3d7","5","5","2026-08-21T08:12:52.247Z","👍","1",,"https://play.google.com/store/apps/details?id=com.fsn.nykaa&reviewId=1ccf41b6-087d-421f-80d9-daf91ec5c3d7","https://play-lh.googleusercontent.com/a-/ALV-UjVNJ54IZvD5-4_sDowz1MV-mQp3sVxOB7xYzLJ1ldTrWUJwEueuQQ","Vishal Sethi","4.0.4"
